1952年1月2日，志愿军烈士（    ）在朝鲜平安南道成川郡石田里，为抢救跌入冰窟的朝鲜少年崔莹而牺牲。图为这位烈士的照片。【出题：武汉大学】,['罗盛教  ']
中国人民民主革命取得伟大胜利的重要标志是（    ）。【出题：武汉大学】,['中国人民政治协商会议的召开']
中国共产党的主要创始人之一李大钊于（    ）在北京英勇就义。【出题：武汉大学】,['1927年4月28日']
1938年初，国民政府改组军事委员会，下设政治部，聘请中共人士（    ）担任副部长。,['周恩来']
中国共产党领导的民主政权实行的“三三制”原则是在（    ）时期。,['抗日战争']
（    ）是国民党顽固派发动的第二次反共高潮的最高峰。,['皖南事变']
武昌起义胜利后被推举为湖北军政府都督的是（    ）【出题：武汉大学】,['黎元洪']
1949年1月，中共中央在西柏坡召开的政治局会议上决定，为了确定组建新中国的有关事项，决定召开（    ）。【出题：武汉大学】,['党的七届二中全会']
土地革命、武装斗争和根据地建设是工农武装割据的基本内容，视频中反映的革命根据地是（    ）。【出题：武汉大学】,['井冈山革命根据地 ']
中国共产党第三次全国代表大会的主要议题是：（    ）。【出题：武汉大学】,[' 关于建立国共合作的统一战线的问题']
1947年11月12日的石门解放，使晋察冀和晋冀鲁豫两大解放区连成一片。（    ）对此给予了高度的评价，称之为“夺取大城市之创例”，并以《喜闻收复石门》为题赋诗祝贺。【出题：武汉大学】,['朱德']
长征时期朱德称（    ）是“模范军人”，是“钢铁般坚强、狮虎般勇猛的优秀将领”。【出题：武汉大学】,[' 左权             ']
1927年，毛泽东写到：“军叫工农革命，旗号镰刀斧头。秋收时节暮云愁，霹雳一声暴动。”这首诗赞颂的是（    ）。【出题：武汉大学】,['秋收起义']
1928年4月，朱德、陈毅率领部队来到井冈山与谁领导的部队胜利会师？【出题：武汉大学】,['毛泽东']
抗日民族统一战线形成后，共产党实行废除国民党一党专政，在全国进行必要的政治经济改革，给人民以充分的抗日民主权利的（    ）路线。,['全面抗战']
1937年8月22日至25日，中共中央在陕北洛川召开了政治局扩大会议，会议通过了（    ）等文件，标志着党的全面抗战路线的正式形成。,"['《中国共产党抗日救国十大纲领》', '《中共中央关于目前形势与党的任务的决定》', '《为动员一切力量争取抗战胜利而斗争》']"
孙中山是我国民主革命的先行者，下列有关他的伟大贡献，表述正确的是（    ）。【出题：武汉大学】,"['接受苏联和共产党的帮助', '宣告了中华民国正式成立', '建立兴中会，成立同盟会']"
中国工农红军长征的三大主力是（    ）。,"['红一方面军', '红二方面军', '红四方面军']"
1947年6月30日，（    ）率领的晋冀鲁豫野战军主力以出乎敌人意料的突然行动，一举突破黄河天险，揭开战略进攻的序幕，并在8月末进入大别山区。,"['刘伯承', '邓小平']"
解放战争时期，解放军有一支英雄野战部队从东北雪原一直南下打到海南岛，它是（    ）。【出题：武汉大学】,['第四野战军']
（    ），毛泽东写下《中国革命战争的战略问题》这部著作，总结土地革命战争中党在军事上的大争论，系统地说明了有关中国革命战争战略方面的诸问题。【出题：武汉大学】,['1936年12月']
（    ）是一次全党范围内的马克思主义的思想教育运动，也是破除党内把马克思主义教条化、把共产国际决议和苏联经验神圣化错误倾向的伟大思想解放运动。,['整风运动']
（    ）表明，中国工人阶级开始以独立的姿态登上政治舞台。,['五四运动']
第一次国共合作期间，两党的合作方式是（    ）。,['党内合作']
2007年，党的十七大将（  ）确定为全面建设小康社会的重要目标，对建设生态文明进行具体部署。,['建设生态文明']
抗日战争时期，以延安为中心的（    ）是中共中央和中央军委所在地，是敌后抗日战争的政治指导中心和敌后抗日根据地的总后方。,['陕甘宁边区']
这是一段巴黎和会后中国学生游行示威的视频，该视频反映的历史事件是（    ）。【出题：武汉大学】,['五四运动']
1935年5月，中央红军同红四方面军在（    ）胜利会师，大大增强了红军实力。【出题：武汉大学】,['懋功']
1938年，毛泽东为（    ）碑文题词，称赞他是“中国共产党的早期优秀党员，中国工农红军早期优秀将领，无产阶级革命家，我党我军政治工作第一人”。      【出题：武汉大学】,['刘伯坚']
一二九运动中，北平学生高唱《义勇军进行曲》，“中华民族到了最危险的时候”在当时的含义是指（    ）。【出题：武汉大学】,['日本策划华北五省自治']
中国共产党确定抗日民族统一战线新政策的会议是（    ）。【出题：武汉大学】,['瓦窑堡会议']
1929年古田会议上，毛泽东通过《关于纠正党内的错误思想》决议案指出，要防止单纯军事观点，包括认为军事和政治是对立的，不承认军事只是完成政治任务的工具之一的，认为红军只是单纯地打仗的。为此他提出了（    ）。【出题：武汉大学】,['“政治建军”原则']
1921年中国共产党成立后，中央领导机构下发的第一份文件是（    ）。【出题：武汉大学】,['《中国共产党中央局通告》']
1927年8月1日，参加领导南昌起义的党的领导人有（    ）。,"['朱德', '叶挺', '贺龙', '周恩来']"
1933年8月，毛泽东在《必须注意经济工作》中提出的中央政府在经济建设上领导方式和工作方法包括（    ）。【出题：武汉大学】,"['组织、训练大量的工作干部', '从组织上动员群众', '同官僚主义和命令主义作斗争']"
在第一次国共合作和大革命期间，中国共产党起着独特的、不可替代的作用，指的是（    ）。,"['中国共产党是国共合作的倡导者和统一战线的组织者', '中国共产党是人民群众的主要发动者和组织者', '中国共产党提出了反对帝国主义、反对军阀的政治口号']"
北伐战争的主要对象包括（    ）。【出题：武汉大学】,"['张作霖', '吴佩孚', '孙传芳']"
新冠疫情爆发后，在以习近平总书记为核心的党中央坚强领导下，建立（    ）的指挥体系，为打赢疫情防控的人民战争、总体战、阻击战提供了有力保证。,"['各地方各方面各负其责、协调配合，集中统一、上下协同、运行高效', '中央统一指挥、统一协调、统一调度']"
1949年4月23日，经过渡江战役，人民解放军胜利解放（    ），宣告国民党在全国反动统治的覆灭。【出题：武汉大学】,['南京']
中国抗日战争胜利结束的标志是（    ）。【出题：武汉大学】,['1945年8月15日，日本天皇广播《终战诏书》']
在狱中写下《可爱的中国》《清贫》等文章的是（    ）。【出题：武汉大学】,['方志敏']
第一次国共合作全面破裂的标志是（    ）。【出题：武汉大学】,['1927年7月15日，汪精卫以“分共”名义同共产党决裂']
（    ）是全国抗战开始以来中国军队取得的一次大胜利，极大地振奋了全国军民的信心，提高了共产党和八路军的威望。,['平型关大捷']
（    ）是一次伟大的群众性反帝爱国运动，大大提高了全国人民的觉悟和组织力量，将国民革命推向了高潮，从此揭开了中国大革命的序幕。,['五卅运动']
1953年9月，彭德怀在一份报告中说，抗美援朝战争的胜利雄辩地证明：“西方侵略者几百年来只要在东方一个海岸上架起几尊大炮就可霸占一个国家的时代一去不复返了。”这场战争的胜利（    ）。,['打破了美国军队不可战胜的神话']
今天的人们生活在“信息时代”，互联网成为人们学习生活的重要内容。假如你在百度搜索引擎中输入“1940年下半年”“彭德怀”“交通破袭战”这三个关键词，最有可能出现的历史事件是（    ）。【出题：武汉大学】,['百团大战']
1921年7月23日至8月初，中国共产党第一次全国代表大会先后在（    ）召开。【出题：武汉大学】,['上海、嘉兴']
“做事不辞牛负重，感情一堆烈火燃。”“铁骨铮铮壮烈死，高风亮节万年青。”这是诗人萧三称赞（    ）的诗句。【出题：武汉大学】,['何叔衡']
1926年，广州国民政府决定北伐的主要目的是（    ）。【出题：武汉大学】,['推翻帝国主义和封建军阀的统治，统一中国']
“吴孙张三系军阀，汀贺桥两役决胜”。国共第一次合作进行北伐时，率领第四军独立团奋勇冲锋，连克汀泗桥、贺胜桥，为攻克武昌城立下汗马功劳的北伐将领是（    ）。【出题：武汉大学】,['叶挺']
瓦窑堡会议召开的时间是（    ）。【出题：武汉大学】,['1935年12月']
为了早日实现一致对外，全民抗战，中共中央致电国民党五届三中全会，保证（    ）。【出题：武汉大学】,"['停止武力推翻国民党政府的方针', '停止没收地主土地的政策', '特区实行彻底的民主制度', '工农政府与红军分别更名为中华民国特区政府与国民革命军']"
从1947年3月开始，国民党军队在全面进攻受挫的情况下，对解放区进行重点进攻，抽调兵力企图首先消灭（    ）两解放区的人民军队。,"['山东', '陕北']"
大革命时期，党对自身建设进行了初步的、富有成效的探索。这一时期党的建设的主要特点是（    ）。【出题：武汉大学】,"['重视发展党员和建立党的组织', '初步建立了党的组织制度和工作制度']"
抗日战争时期，中共中央要求各根据地政权贯彻实行“三三制”，共产党员在各级政权内所占比例不能超过三分之一，在此种情况下，党仍然能够实现对“三三制”政权的有效领导，其原因包括（   ）。【出题：武汉大学】,"['广大共产党员的模范工作', '中国共产党抗战政策的正确性', '人民对中国共产党的衷心拥护', '中国共产党信仰真理的力量']"
为了巩固和扩大抗日民族统一战线，中共中央关于政权组织提出必须坚决贯彻“三三制”。“三三制”指的是（    ）各占三分之一。,"['共产党员', '中间派', '党外进步人士']"
1921年7月，中国共产党第一次全国代表大会的召开标志着中国共产党正式成立，实际上，关于建党工作已经酝酿很久，学界有“南陈北李，相约建党”一说，这里的“北李”指的是（    ）。【出题：武汉大学】,['李大钊']
加强中国共产党的建设，必须始终放在首位的是（    ）。【出题：武汉大学】,['思想建设']
毛泽东曾对身边担任警卫工作的都安籍瑶族战士说：“东兰是个革命根据地，过去（    ）同志就在那里领导人民闹革命。后来为革命牺牲了。他是壮族人民的好儿子，农民的好领袖，党的好干部！”，这里所提到的同志是（    ）。【出题：武汉大学】,['韦拔群']
2014年，我国立法将每年12月13日定为国家“公祭日”，这是为了祭奠1937年12月被日军屠杀的30多万死难者。这些死难者是在（     ）中遇害的、【出题：武汉大学】,['南京大屠杀']
1946年，《五四指示》中指出，各地党委必须明确认识解决解放区的（    ），是我党目前最基本的历史任务，是目前一切工作的最基本环节。,['土地问题']
《南京！南京！》影片热播使得人们重新审视战争中的罪恶与人性。南京大屠杀发生在（    ）。【出题：武汉大学】,['1937年12月']
陕北民歌《山丹丹花开红艳艳》中唱道“一道道的那个山来哟一道道水，咱们中央红军到陕北……”这里的陕北具体指：（    ）。【出题：武汉大学】,['吴起镇']
他提出“正式成立一个中国共产党”，也是旅欧党组织的创始人之一，他就是中国共产党早期的重要领导人，杰出的共产主义战士，无产阶级革命家、理论家和宣传家（    ）。【出题：武汉大学】,['蔡和森']
解放战争时期，人民解放军开始全国性战略进攻的标志是（    ）。【出题：武汉大学】,['晋冀鲁豫野战军跃进大别山']
（    ）是全国解放战争时期，中国共产党领导的第一次大规模的学生爱国民主运动。,['一二·一运动']
抗日战争时期，一位少数民族战士在战争中体会到了共产党的伟大和无私，决心加入中国共产党。他在入党申请书中写道：“我甘心情愿把我的一切献给伟大的中国共产党，献给为回族解放和整个中华民族的解放而奋斗的伟业”，他是（    ）。【出题：武汉大学】,['马本斋']
1924年1月20日至30日，在（    ）举行了国民党第一次全国代表大会。,['广州']
（    ）在《实行对日抗战》一文中指出，中国的抗日战争将是一个持久的艰苦的抗战。【出题：武汉大学】,['朱德']
1948年，毛泽东在《在晋绥干部会议上的讲话》中完整地表述了新民主主义革命总路线的内容，即（    ）。【出题：武汉大学】,"['反对帝国主义、封建主义和官僚资本主义的革命', '人民大众的', '无产阶级领导的']"
南昌起义在全党和全国人民面前树立起一面革命武装斗争的旗帜，它标志着（    ）的开始。【出题：武汉大学】,"['中国共产党独立领导革命战争', '武装夺取政权', '创建人民军队']"
下列哪些人物没有出席中国共产党第一次全国代表大会？【出题：武汉大学】,"['李大钊', '陈独秀']"
下列属于周恩来同志在北伐时期对军队政治工作提出的重要思想原则的文章是（    ）。【出题：武汉大学】,"['《国民革命军及军事政治工作》', '《军队的性质和组织》']"
新中国成立前夕，面对党内一部分同志出现的“打天下坐天下”的骄傲轻率思想，毛泽东在一次会议上提醒全党：“务必继续地保持谦虚、谨慎、不骄、不躁的作风，务必继续地保持艰苦奋斗的作风”，这次会议是（    ）。【出题：武汉大学】,['党的七届二中全会']
被毛泽东称为“是文化战线上，代表全民族的大多数，向着敌人冲锋陷阵最正确、最勇敢、最坚决、最忠实、最热忱的空前的民族英雄”的是（    ）。【出题：武汉大学】,['鲁迅']
“中国一切政党的政策及其实践在中国人民中所表现的作用的好坏、大小，归根到底，看它对于中国人民的生产力的发展是否有帮助及其帮助之大小，看它是束缚生产力的，还是解放生产力的。”这段话出自（    ）的《论联合政府》。【出题：武汉大学】,['毛泽东']
人民军队一切工作的出发点与归宿是（    ）。【出题：武汉大学】,['全心全意为人民服务']
笔名施英，曾赴法国勤工俭学，和周恩来等共同发起成立旅法中国共产党早期组织，并创办《革命生活》刊物的人是（    ）。【出题：武汉大学】,['赵世炎']
中国共产党领导的第一次工人运动高潮的起点是（    ）。【出题：武汉大学】,['香港海员罢工']
第二次世界大战以后最重大的政治事件是（    ），对国际局势和世界人民斗争的发展具有深刻而久远的影响。,['中国革命的胜利']
中国无产阶级开始以独立的政治力量登上历史舞台，由自在阶级转变为自为的阶级是在（    ）。【出题：武汉大学】,['五四运动之后']
（    ）是中国最早的学习和研究马克思主义的团体。【出题：武汉大学】,['马克思主义研究会']
五卅运动开始于（    ）。【出题：武汉大学】,['上海']
中国人民的抗日战争前后坚持了十四年，经历了“局部抗战”和“全面抗战”两个阶段。其中“局部抗战”开始的标志是（    ）【出题：武汉大学】,['九一八事变']
《论持久战》中强调“兵民是胜利之本”，指出争取抗战胜利的唯一正确道路是实行（    ）。,['人民战争']
1946年12月24日，北平发生驻华美军强奸北京大学女学生的事件，该事件是（    ）的导火线。【出题：武汉大学】,['抗议美军暴行运动']
从1948年9月12日开始到1949年1月31日结束的三大战役，是中国革命战争史上、也是世界战争史上惊天动地的壮举。这三大战役指的是（    ）。,"['淮海战役', '辽沈战役', '平津战役']"
1947年6月，人民解放军实施战略进攻时，就敌我力量对比而言（    ）。【出题：武汉大学】,"['人民解放军在数量上还不占有优势', '人民解放军在装备上也不占有优势']"
下列属于毛泽东在《反对本本主义》中提出的调查的技术是（    ）。【出题：武汉大学】,"['要深入', '要定调查纲目', '要亲身出马', '要开调查会作结论式调查']"
中国共产党的成立，深刻改变了（   ）。【出题：武汉大学】,"['中国人民和中华民族的前途和命运', '世界发展的趋势和格局', '近代以后中华民族发展的方向和进程']"
图片为毛泽东主席将一级解放勋章授予中国人民解放军第一位女将军。这位女将军是（    ）。【出题：武汉大学】,['李贞']
1948年12月30日，毛泽东在为新华社题写的新年献词中发出了（    ）的伟大号召。【出题：武汉大学】,['将革命进行到底']
1935年12月17日至25日，中国共产党在（    ）召开政治局会议，讨论军事战略问题、全国的政治形势和党的策略路线问题，制定出抗日民族统一战线的新策略。,['瓦窑堡']
1952年，毛泽东和中共中央提出了加快从新民主主义社会向社会主义转变的（    ）。,['过渡时期总路线']
1934年10月，中央红军开始长征后，留在中央根据地领导南方游击战争的是（    ）。,[]
国共合作宣言和（    ）谈话的发表，标志着国共两党第二次合作的正式形成。,['蒋介石']
（    ）在事实上确立了联俄、联共、扶助农工三大革命政策，标志着第一次国共合作正式形成。【出题：武汉大学】,['国民党一大  ']
1924年成立的黄埔军校同一切旧式军校的根本区别在于（    ）。,[]
李宗仁指挥的自抗战以来国民党正面战场所取得的一次重大胜利的战役是（    ）。【出题：武汉大学】,['台儿庄战役']
“有一副对子，是替这种人画像的。那对子说：墙上芦苇，头重脚轻根底浅；山间竹笋，嘴尖皮厚腹中空。”这句话是对主观主义的生动描绘，这句话是由（    ）所提。【出题：武汉大学】,['毛泽东']
这里是军旗升起的地方，这里是人民军队的摇篮。“这里”指的是（    ）。【出题：武汉大学】,['南昌']
（    ）是在中国大地上举起十月社会主义革命旗帜的第一人。【出题：武汉大学】,['李大钊']
中国共产党直接领导的第一支正规部队是（    ）。【出题：武汉大学】,['国民革命军第四军独立团']
在中国共产党第七次全国代表大会上，毛泽东把我党我军长期的革命实践中形成的优良作风概括为（    ）。,[]
五四运动被称为新民主主义革命开端的原因是（    ）。【出题：武汉大学】,"['彻底的不妥协的反对帝国主义和反对封建主义', '推动了马克思主义与工人运动的结合', '推动了马克思主义在中国的传播']"
新民主主义革命与旧民主主义革命相比有其新的内容和特点，集中表现在（    ）。【出题：武汉大学】,[]
1927年，大革命失败后，英勇的中国共产党人并没有被国民党的屠杀政策所吓倒。许多共产党人以自己的鲜血和生命，捍卫了共产主义的信念，其中在狱中写下“头可断，肢可折，革命精神不可灭。壮士头颅为党落，好汉身躯为群裂”的共产党人是（    ）。【出题：武汉大学】,['周文雍']
1931年11月25日，中华苏维埃共和国临时中央政府发布通令，成立中华苏维埃共和国中央革命军事委员会（简称中革军委），（    ）任主席。【出题：武汉大学】,['朱德']
“党的一切运动都必须深入到广大的群众里面去”，都“必须是不离开群众的”，提出这一路线的会议是（    ）。,['党的二大']
1929年1月，中国共产党红四军第九次代表大会召开，解决了在农村进行战争的环境下如何将以农民为主要成分的革命军队建设成无产阶级领导的新型人民军队这个根本性问题。这次会议史称（    ）。,['古田会议']
他是秋收起义的总指挥，在秋收起义中为掩护部队前进不幸中弹牺牲。毛泽东叹息道：“还我（    ）！给我三个师也不换！”。【出题：武汉大学】,['卢德铭   ']
1935年1月，（    ）被俘后在狱中写下《可爱的中国》《清贫》《狱中纪实》，表现了坚贞不屈的革命气节。【出题：武汉大学】,['方志敏']
1948年12月30日，在新华社发表的《将革命进行到底》的新年献词中，明确指出“用革命的方法，坚决彻底干净全部地消灭一切反动势力”，极大地鼓舞全国人民的斗志，该献词是由（    ）题写的。【出题：武汉大学】,['毛泽东']
毛泽东在《中国军事形势的重大变化》一文中指出：“现在看来，只需从现时起，再有一年左右的时间，就可能将国民党反动政府从根本上打倒了。”指的是（    ）战役的胜利。,['辽沈']
下列民主革命时期的红色旅游资源中，位于今湖南省境内的是（    ）。【出题：武汉大学】,['文家市决策旧址']
“广州暴动不死，平江暴动不死，如今竟牺牲，堪恨大祸从天降；革命战争有功，游击战争有功，毕生何奋勇，好教后世继君来。”1931年9月，毛泽东在（    ）的追悼会上这样评价了他的一生。【出题：武汉大学】,['黄公略']
1961年，董必武乘列车经过山东时感慨万千，写下一首诗：四十年前会上逢，南湖舟泛语从容。济南名士知多少，君与恩铭不老松。诗中的“君”指的是（    ）。【出题：武汉大学】,['王尽美']
国民党一大审议通过了《中国国民党第一次全国代表大会宣言》，对三民主义做出了顺应时代潮流的新解释，包括（    ）。【出题：武汉大学】,"['提出“平均地权”、“节制资本”两大原则', '强调民主权利应为“一般平民所共有”', '突出了反对帝国主义的内容']"
以下哪些是延安整风运动的内容？【出题：武汉大学】,"['反对党八股', '反对宗派主义', '反对主观主义']"
毛泽东在《论反对日本帝国主义的策略》一文中评价长征是（    ）。,"['宣传队', '播种机', '宣言书']"
下列与抗日战争有关的历史事件是：（    ）。【出题：武汉大学】,"['百团大战', '平型关大捷', '台儿庄战役']"
李大钊在五四前发表的歌颂十月革命的文章是（    ）。,"['《法俄革命之比较观》', '《布尔什维主义的胜利》', '《庶民的胜利》']"
1949年4月，当渡江作战即将发动时，“紫石英”号等4艘外国军舰闯进长江人民解放军防线，不顾解放军鸣炮警告，强行溯江上驶，双方发生激烈炮战，“紫石英”号被击伤。“紫石英号”隶属于（    ）。【出题：武汉大学】,['英国']
针对一些人对国际形势产生悲观估计和不敢用革命的手段反击国内反动派进攻的倾向，在解放战争爆发前夕，（    ）写了《关于目前国际形势的几点估计》一文。【出题：武汉大学】,['毛泽东']
毛泽东在1957年2月所作的《关于正确处理人民内部矛盾的问题》的报告中，系统论述了社会主义社会矛盾的理论。毛泽东强调，社会主义国家政治生活的主题是（    ）。,['正确处理人民内部矛盾的问题']
近代中国社会的诸矛盾中最主要的矛盾是（    ）。【出题：武汉大学】,['帝国主义和中华民族的矛盾']
中国人民解放军炮兵奠基人是（    ）。【出题：武汉大学】,['朱瑞               ']
1948年12月30日，毛泽东在为新华社所写的新年献词中发出了“（    ）”的伟大号召。,['将革命进行到底']
到1926年11月底，湖南已有54个县建立农民协会组织，会员达到107万人，到1927年1月，会员又增加到200万人；湖北全省农民协会会员1926年7月有3万多人，到11月增加到20万人左右。”这一现象出现的直接原因是（    ）。【出题：武汉大学】,['北伐战争']
抗战胜利后，蒋介石三邀毛泽东到重庆谈判的主要意图是（    ）。【出题：武汉大学】,['争取时间，部署内战']
中国共产党领导下成立的第一支新型人民军队是（    ）。【出题：武汉大学】,['中国工农红军第四军  ']
中国社会主义青年团成立的时间是（    ）。【出题：武汉大学】,['1922年5月']
华北事变发生后，中国共产党组织领导的一二·九运动标志着（    ）。【出题：武汉大学】,['中国人民抗日救亡运动新高潮的到来']
瓦窑堡会议决议是指（    ）。【出题：武汉大学】,['《中共中央关于目前的政治形势与党的任务的决议》']
1949年9月21日，（    ）第一届全体会议在北平开幕，标志着中国的新型政党制度——中国共产党领导的多党合作和政治协商制度的确立。,['中国人民政治协商会议']
下列关于中国共产党第一次代表大会的叙述，正确的是 （    ）。【出题：武汉大学】,"['标志着中国共产党的诞生', '通过了党的奋斗目标', '提出了彻底的反帝反封建的民主革命纲领']"
除了南昌起义、秋收起义、广州起义外，下列属于到1928年初党领导的一系列比较重要的武装起义的是（    ）。【出题：武汉大学】,"['海陆丰起义', '东固起义', '黄安、麻城起义', '湘南起义']"
华东野战军司令员陈毅曾深情地说：“淮海战役的胜利，是人民群众用小车推出来的”，通俗的表达道出了中国共产党克敌制胜的深层次原因，其中包括（   ）。【出题：武汉大学】,"['党与群众亲密无间的鱼水关系', '根据地“主人翁”意识高度觉醒的人民群众', '党广泛深入农村的强大组织力']"
关于黄埔军校的叙述，正确的是（    ）。【出题：武汉大学】,"['在中国共产党和苏联的帮助下创办', '军校培养了大批军事人才', '是1924年5月，在广州黄埔创办的陆军军官学校']"
抗日民族统一战线中的中间势力包括（    ）。,"['民族资产阶级', '地方实力派', '开明绅士']"
“政权是由枪杆子中取得的”这一论断是毛泽东在何时提出的：（    ）。【出题：武汉大学】,['八七会议上   ']
土地革命时期，毛泽东在（    ）一文中提出了“没有调查，没有发言权”和“中国革命斗争的胜利要靠中国同志了解中国情况”的重要思想。【出题：武汉大学】,['《反对本本主义》']
习近平强调，中国人民抗日战争胜利是以（    ）为核心的民族精神的伟大胜利，是中国共产党发挥中流砥柱作用的伟大胜利，是全民族众志成城奋勇抗战的伟大胜利，是中国人民同反法西斯同盟国以及各国人民并肩战斗的伟大胜利。,['爱国主义']
1919年9月、11月李大钊连续发表（    ）一文，对马克思主义学说作了相当完整的介绍和比较确切的阐释。【出题：武汉大学】,['《我的马克思主义观》']
“千古奇冤，江南一叶；同室操戈，相煎何急？”是（    ）所题写。【出题：武汉大学】,['周恩来']
1937年8月22日，中共中央在（    ）上，通过了《关于目前形势与党的任务的决定》和《抗日救国十大纲领》，制定了全面抗战路线。,['洛川会议']
中国共产党在长征途中召开的遵义会议，集中解决了在当时具有决定意义的（    ）。【出题：武汉大学】,['军事问题和组织问题']
无产阶级作为一支独立的政治力量登上历史舞台始于（    ）。【出题：武汉大学】,['五四运动']
电视剧《中国兄弟连》，介绍了一支八路军和一支国民党军队团结合作、共同抗击日本侵略者的英雄事迹。这种情况应出现在下列哪一历史事件以后？【出题：武汉大学】,['西安事变']
中国共产党正式决定全体共产党员以个人名义加入国民党，同孙中山领导的国民党建立统一战线的会议是：（    ）。【出题：武汉大学】,['中国共产党的三大']
实事求是、群众路线、独立自主是（    ）。,['毛泽东思想活的灵魂']
关于中共二大，下列说法正确的是（    ）。【出题：武汉大学】,"['为中国革命指明了方向', '制定了党的最低革命纲领', '表明中国共产党在把马克思主义同中国革命实际相结合的道路上迈出了可贵的第一步', '初步解决了民主革命的对象问题']"
毛泽东在《论联合政府》中提出的党的三大作风是（   ）。【出题：武汉大学】,"['批评与自我批评', '理论和实践相结合', '密切联系群众']"
毛泽东思想是（    ）。【出题：武汉大学】,"['20世纪中国的马克思主义', '中国共产党集体智慧的结晶', '被实践证明了的关于中国革命和建设的正确的理论原则和经验总结', '马克思列宁主义在中国的运用和发展']"
1933年9月21日，一位党员高呼着“中国共产党万岁！”，昂首走向刑场，英勇就义，这位共产党员是党的早期为数不多的理论家之一（    ）。【出题：武汉大学】,['邓中夏']
开国大将粟裕曾写道：“两支铁流汇合到了一起，从此形成红军主力……对以后建立和扩大农村革命根据地，坚持走农村包围城市的革命道路，具有十分重大的意义。”他回忆的是（    ）。【出题：武汉大学】,['井冈山会师']
大革命的失败，给中国共产党最深刻的教训是（    ）。,['无产阶级必须掌握革命领导权和革命武装']
工农红军第四军的首任军长是（    ）。【出题：武汉大学】,['朱德']
大革命失败以后，以下不符合当时中国革命发展形势的是（    ）。,['维持国共合作']
毛泽东指出：“边界红旗子始终不倒，不但表示了共产党的力量，而且表示了资产阶级的破产，在全国政治上具有重大的意义。”这段论述说明（    ）。,['井冈山根据地的重要意义']
1928年，毛泽东写下《西江月·井冈山》的背景是（    ）。【出题：武汉大学】,['湘赣两省国民党军队对井冈山的第一次“会剿”草草收场']
抗日战争取得完全胜利的重要标志是收回了澎湖列岛和（    ）。,['台湾']
革命的首要问题是（    ）【出题：武汉大学】,['分清敌友']
下列关于中共三大的表述，不正确的是（    ）。【出题：武汉大学】,['决定共产党与国民党合并']
血染卢沟桥、平型关大捷、台儿庄战役、百团大战，这些事件反映的主题是（    ）。【出题：武汉大学】,['全民族抗战']
1942年，中国共产党在全党范围内进行了一次整风运动，其主要任务是（    ）。【出题：武汉大学】,"['反对党八股以整顿文风', '反对主观主义以整顿学风', '反对宗派主义以整顿党风']"
毛泽东在党的七届二中全会上的报告中（    ）。,"['规定了党在胜利后在政治、经济、外交方面应当采取的基本政策', '指明了新中国的基本国体', '提出党的工作重心必须由乡村转移到城市']"
1935年五六月间，毛泽东总结全国抗战开始以来十个月的经验，做了《论持久战》的长篇讲演，明确指出：抗日战争是持久战，最后胜利属于中国。《论持久战》中分析中日双方存在着互相矛盾的基本特点，即（    ）。,"['日本的非正义战争失道寡助，中国的正义战争得道多助', '日本是个小国，经不起长期战争，中国是个大国，能够支持长期的战争', '日本的侵略战争是退步的、野蛮的，中国的反侵略战争是进步的、正义的', '日本是帝国主义强国，中国是半殖民地半封建弱国']"
中共十五届六中全会把党的作风建设的主要任务确定为“八个坚持、八个反对”，以下哪些是其要求（  ）。,"['坚决克服以权谋私、贪图享乐等消极腐败现象和用人上的不正之风', '坚决克服脱离群众、脱离实际的形式主义、官僚主义歪风', '坚决克服因循守旧、不思进取、照搬照抄、本本主义的思想作风', '坚决克服独断专行、软弱涣散和自由主义现象']"
1929年9月28日，中共中央给红四军前委的指示信（即九月来信）指出红军的基本任务是？【出题：武汉大学】,"['发动群众斗争，实行土地革命，建立苏维埃政权', '实行游击战争，武装农民，并扩大本身组织', '扩大游击区域及政治影响于全国']"
下列为创建新中国作出贡献的元帅中属于湘潭籍的是（    ）。【出题：武汉大学】,['彭德怀']
1930年4月，周恩来指出，（    ）是当时中国革命的主要特征。【出题：武汉大学】,['农民游击战和土地革命']
中共六大以后，为了推动国民党统治区的工人运动，中共中央成立了以（    ）为书记的工人运动委员会。【出题：武汉大学】,['项英']
他是江西早期革命活动家，万安暴动的主要领导者，“江西革命三杰”之一，在万安暴动胜利后由于敌人大举进攻不幸牺牲，他就是（    ）。【出题：武汉大学】,['曾天宇']
1926年9月，毛泽东发表（    ）一文，指出“农民问题乃国民革命中心问题”。【出题：武汉大学】,['《国民革命与农民运动》']
《整理党务案》是蒋介石在（    ）上，为了全面控制国民党的党权而提出的。【出题：武汉大学】,['国民党二届二中全会   ']
在（    ）上通过的《关于妇女运动的决议》是中国妇女运动史上第一个以政党名义作出的妇女问题的决议。【出题：武汉大学】,['党的二大']
1922年至1923年，后来被人们誉为“农民运动大王”的（    ），领导开创了广东海陆丰的农民运动。【出题：武汉大学】,['彭湃']
人民解放战争战略进攻的序幕是（    ）。,['刘邓大军强渡黄河，挺进大别山']
下列解放战争的军事行动，与毛泽东“宜将剩勇追穷寇，不可沽名学霸王”诗句有关的是（    ）。【出题：武汉大学】,['渡江作战']
1939年9月，毛泽东对国民党顽固派进攻提出的自卫原则是（    ）。,['人不犯我，我不犯人；人若犯我，我必犯人']
1927年4月28日被奉系军阀张作霖杀害的共产党创始人是（    ）。,['李大钊']
1937年，毛泽东同志在中共中央召开的党的全国代表会议（当时称苏区代表会议）上提出了（    ）三位一体的任务。,"['巩固和平', '争取民主', '早日实现抗战']"
总结中国共产党领导人民进行的民主主义革命实践的经验，可以概括为（    ）。【出题：武汉大学】,"['根据政治形势、阶级关系和实际情况及其变化制定党的政策', '团结一切可以团结的力量，建立最广泛的人民民主统一战线', '走农村包围城市、最后夺取全国胜利的道路', '工人阶级（经过共产党）领导的以工农联盟为基础的人民民主专政']"
毛泽东指出:“在抗日时期，我们才制定了合乎情况的党的总路线和一整套具体政策。这时候，中国民主革命这个必然王国才被我们认识，我们才有了自由。到这个时候，我们已经干了二十来年的革命。过去那么多年的革命工作，是带着很大的盲目性的。”毛泽东以上观点表明（   ）。【出题：武汉大学】,"['新民主主义革命理论经过了一个逐步形成和发展的过程', '没有中国革命的实践就不会有新民主主义革命理论的形成', '中国共产党对民主革命规律的认识是通过革命的实践', '新民主主义革命理论不是凭空产生的，而是中国革命实践经验的概括和总结']"
2019年5月31日，习近平总书记在“不忘初心、牢记使命”主题教育工作会议上指出，党的十九大决定，以（    ）级以上领导干部为重点，在全党开展“不忘初心、牢记使命”主题教育。【出题：武汉大学】,['县处']
1926年9月，毛泽东发表《国民革命与农民运动》一文，指出“（    ）乃国民革命的中心问题”。,['农民问题']
1945年8月，中共中央在对时局的宣言中明确提出的口号是（    ）。,['和平、民主、团结']
耿飚在其回忆录中写到：“我军区于1946年上半年较多地缩减部队，精简、复原了大批营以下干部和战斗骨干，使野战部队由原来的二十六个旅缩减成九个旅，大大削弱了野战军这个‘拳头’。”这段文字表明（    ）。,['中国共产党忠实履行了重庆政协协议']
（    ）是中国共产党在抗日战争时期处理土地问题的基本政策，它兼顾农民和地主两方面的利益，有利于团结大多数地主抗日，把发展统一战线和解决农民问题很好地结合起来。,['减租减息']
陕甘宁边区八路军三五九旅发扬艰苦奋斗的精神，把荒无人烟的（    ）改造成为“陕北的好江南”。,['南泥湾']
（    ）决议的中心思想是要用无产阶级思想进行军队和党的建设。特别是，在军队建设方面，决议明确规定了红军的性质、宗旨和任务，指出“中国的红军是一个执行革命的政治任务的武装集团”。,['古田会议']
中国共产党的最早组织是在（    ）成立的。【出题：武汉大学】,['上海']
建设共产党领导的新型人民军队的重要开端是（    ）。,['三湾改编']
（    ）是《共产党宣言》中文全译本首译者。,['陈望道']
以红军三大主力（    ）会师为标志，历史两年、长达数万里的红军长征宣告胜利结束。,"['将台堡', '会宁']"
中国共产党带领中国人民取得新民主主义革命胜利的基本经验有（    ）。,"['坚持革命的武装斗争', '建立广泛的统一战线', '加强共产党自身的建设']"
1927年大革命失败后，下列哪些史实是在探索革命道路过程中发生的（    ）。【出题：武汉大学】,"['八七会议', '广州起义', '秋收起义']"
西安事变的发动者在《告全体将士书》中如是说：“我们为什么这样发动，为争地盘吗？不是！为泄私愤吗？也不是！我们反对政府屈辱的外交！国都要亡了，还在这里出死力自相残杀，所以才提出抗日救国运动的八项主张。”从中可以看出他们发动西安事变的理由是（    ）。【出题：武汉大学】,"['反对蒋介石反共反人民的内战政策', '抗议蒋介石向日本侵略者妥协的对外政策']"
为了统一对华中八路军和新四军的领导，按照中共中央的指示，成立华中总指挥部，其总指挥是（    ）。【出题：武汉大学】,['叶挺']
开始确立以毛泽东同志为主要代表的马克思主义正确路线在中共中央的领导地位，从而在极其危机的情况下挽救了党，挽救了红军，挽救了中国革命的会议是（    ）。,['遵义会议']
毛泽东说：“（    ）一声炮响，给中国送来了马克思列宁主义。”,['十月革命']
西安事变和平解决的最根本前提是（    ）。,['中日民族矛盾上升为主要矛盾']
“1921年注定照耀史册，它并非世纪起点的标志，却是一个全新时代的开始。”这是因为1921年（    ）。【出题：武汉大学】,['诞生了中国共产党']
中共湘赣边界工农兵苏维埃政府成立时，其主席为（    ）。【出题：武汉大学】,['王佐']
1935年，在中国共产党的领导下，北平数千名学生冒着严寒聚集在新华门前，向国民党当局请愿。他们高呼“打倒日本帝国主义”“反对华北自治”“停止内战，一致抗日”等口号，并举行示威游行。这场爱国救亡运动就是著名的（    ）。【出题：武汉大学】,['一二九运动']
在中国共产党的历史上，提出建立一个新民主主义中国的重要会议是（    ）。【出题：武汉大学】,['党的七大']
晋冀鲁豫解放军千里跃进（    ）地区，揭开了人民解放军全国性战略进攻的序幕。【出题：武汉大学】,['大别山']
人民英雄纪念碑碑文是（    ）写的。【出题：武汉大学】,['毛泽东']
共产党早期组织里，“改名换服”到厚生铁厂做工，并给工人讲课的是（    ）。【出题：武汉大学】,['俞秀松']
五四运动是（    ）的运动，又是（    ）的运动。,"['反封建', '反帝国主义']"
井冈山革命根据地的创建具有深远的意义，主要表现是（    ）。,"['点燃了“工农武装割据”的星星之火', '开辟了一条在敌我力量十分悬殊的情况下,共产党深入农村保持和发展革命力量的正确道路', '为共产党领导的其他各地的起义武装树立了榜样']"
三湾改编确立的主要措施包括（    ）。【出题：武汉大学】,"['将不足千人的部队由原来一个师缩编为一个团', '成立各级士兵委员会，实行民主制度，在政治上官兵平等', '建立党的各级组织和党代表制度']"
中国新民主主义革命的胜利，具有重大而深远的历史意义，其中包括（   ）。【出题：武汉大学】,"['根本改变了中国人民的社会政治地位', '彻底结束旧中国一盘散沙的局面', '实现了民族独立和人民解放', '为实现由新民主主义到社会主义的转变创造前提']"
1949年9月召开的中国人民政治协商会议通过的《共同纲领》规定，新民主主义经济工作的政策是（    ）。【出题：武汉大学】,"['城乡互助', '内外交流', '公私兼顾', '劳资两利']"
完整地表述新民主主义革命总路线内容的文章是（    ）。【出题：武汉大学】,['《在晋绥干部会议上的讲话》']
“这是一声砸向旧世界的锤头撞击，和着十月革命的惊天震雾。从上海望志路到南湖的红船发力，锻造出一个民族驶向复兴彼岸的航迹。”材料描述的会议是（    ）。【出题：武汉大学】,['党的一大   ']
1935年12月17日至25日，中共中央召开了（    ），是从第五次反“围剿”失败到全民族抗战兴起过程中召开的一次重要会议。,['瓦窑堡会议']
1932年，在日本大举侵略面前，蒋介石在庐山宣布国民党南京政府处理对外对内关系的基本国策是（    ）。,['攘外必先安内']
以毛泽东为主要代表的中国共产党人提出的关于中国革命发展的战略思想是（    ），为中国革命指明了正确的道路，是对马克思列宁主义关于武装夺取政权学说的重大发展。,['农村包围城市、武装夺取政权']
党成立后的第一个党章是在（    ）上通过的。【出题：武汉大学】,['党的二大  ']
标志着国共两党十年内战局面基本结束的历史事件是（    ）。,['西安事变和平解决']
在党的二大上，（    ）当选为第一个女中央委员，担任党中央第一任妇女部长。【出题：武汉大学】,['向警予']
负责保卫中共中央安全、惩治叛徒等工作的中央特科是由（    ）直接领导的。【出题：武汉大学】,['周恩来']
“俄罗斯之革命是二十世纪初期之革命，是立于社会主义上之革命。同法国大革命预示着世界进入资产阶级革命时代一样……”是出自李大钊所写的（    ）。,['《法俄革命之比较观》']
老战士黄镇用画笔记录了他的一段亲身经历。其中以“汹涌的大渡河、寒冷的雪山、荒芜的草地”为素材的作品反映的历史事件是（    ）。【出题：武汉大学】,['红军长征']
有学者说：“我们正处在有史以来最大的转折关头……第一次全民族一心一意地在瓦砾和血泊中奋争，以创造一个赫然在望的时代。”这位学者述说的历史事件应为（    ）。【出题：武汉大学】,['全民族的抗日战争']
1947年7月至9月，中国共产党在河北省平山县召开全国土地会议，制定和通过了（    ）。,['《中国土地法大纲》']
1935年1月，方志敏被俘，在狱中写下（    ）等著作，抒发了高尚的爱国主义情怀和对共产主义的坚定信念，表现了坚贞不屈的革命气节。,"['《狱中纪实》', '《清贫》', '《可爱的中国》']"
中国共产党早期组织的成员同反马克思主义思潮进行的主要论战包括（    ）。,"['同张东荪等关于社会主义的论战', '同胡适围绕“问题与主义”的论战', '同无政府主义的论战']"
北伐的主要对象包括（   ）。【出题：武汉大学】,"['孙传芳', '吴佩孚', '张作霖']"
以下哪些属于大生产运动的方针？【出题：武汉大学】,"['统一领导，分散经营', '公私兼顾，军民兼顾', '发展经济，保障供给']"
毛泽东在《论反对日本帝国主义的策略》中指出，党的新策略即广泛地统一战线的出发点是（    ）。【出题：武汉大学】,"['中国革命的现时力量还有严重的弱点', '日本帝国主义决定要把全中国变为它的殖民地']"
1937年哪次事变爆发，全面抗战由此开始：（    ）。【出题：武汉大学】,['卢沟桥事变']
1936年10月，红二、红四方面军同红一方面军先后在（    ）会师，宣告了红军长征胜利结束。,['甘肃会宁、甘肃静宁将台堡']
1928年12月，毛泽东主持制定的中国共产党历史上第一个土地法是（    ）。,['《井冈山土地法》']
1924年6月，黄埔军校成立，它是中国近代史上国共两党合作创办的第一所革命的军政学校。共产党人（    ）担任该校的政治部主任。,['周恩来']
在全国革命胜利前夕党的七届二中全会上，毛泽东告诫全党，夺取全国胜利，这只是万里长征走完了第一步，中国的革命是伟大的，但革命以后的路更长，工作更伟大，更艰苦，因此全党同志务必要保持（    ）的思想。,['“两个务必”']
毛泽东在《中国的红色政权为什么能够存在?》中指出：“虽有很好的工农群众，若没有相当力量的正式武装，便决然不能造成割据局面，更不能造成长期的和日益发展的割据局面。所以（    ）是共产党和割据地方的工农群众必须充分具备的一个重要的思想。”【出题：武汉大学】,['‘工农武装割据’的思想']
在皖南事变后，就任新四军代理军长的是（    ）。【出题：武汉大学】,['陈毅']
新四军兵工事业的创建者和新中国兵器工业的开拓者，新中国第一代工人作家，被誉为中国的“保尔·柯察金”的是（    ）。【出题：武汉大学】,['吴运铎']
1937年夏天，毛泽东在延安抗日军政大学讲授《实践论》《矛盾论》的主要目的是（    ）。,"['科学地阐明党的马克思主义思想路线', '揭露和批评党内的主观主义，尤其是教条主义的错误', '深入论证马克思列宁主义基本原理同中国具体实际相结合的原则', '总结中国共产党的历史经验']"
最早在中国建立共产党组织，称为“南陈北李”的是（    ）。【出题：武汉大学】,"['李大钊', '陈独秀']"
各地共产党早期组织成立以后，有计划、有组织地进行了以下活动（    ）。【出题：武汉大学】,"['成立社会主义青年团组织', '同反马克思主义思潮展开论战', '研究和宣传马克思主义', '在工人中进行宣传和组织工作']"
在统一战线中必须坚持的策略方针是（    ）。【出题：武汉大学】,"['发展进步势力', '争取中间势力', '孤立顽固势力']"
1949年9月21日，毛泽东在（    ）第一届全体会议开幕词中庄严地宣告：“占人类总数四分之一的中国人从此站立起来了。” 【出题：武汉大学】,['中国人民政治协商会议']
百团大战第二阶段的任务是（    ）。【出题：武汉大学】,['攻坚作战，对日军盘踞的据点进行攻击']
主张将党的名字定为“共产党”的是（    ）。【出题：武汉大学】,['李大钊']
在皖南事变后，就任新四军政治委员的是（    ）。【出题：武汉大学】,['刘少奇']
中国革命发展进程中党的战略指导思想的一个根本性的转变是由“自卫战争”到“（    ）”。,['解放战争']
1946年8月，毛泽东在延安会见美国记者安娜·路易斯·斯特朗时，提出了（    ）的著名论断。,['一切反动派都是纸老虎']
中国共产党领导的多党合作和政治协商制度确立的标志性事件是（    ）。,['中国人民政治协商会议的召开']
标志着解放区在农民土地问题上，开始由削弱封建剥削向变革封建土地关系、废除封建剥削制度过渡的文件是：（    ）。【出题：武汉大学】,['《关于清算、减租及土地问题的指示》']
（    ），中共中央在上海创办自己的政治机关报——《向导》周报。【出题：武汉大学】,['1922年9月']
1936年5月，中共中央放弃“反蒋抗日”口号，第一次公开把蒋介石作为联合的对象，标志这一变化的文件是（    ）。【出题：武汉大学】,['《停战议和一致抗日》通电']
长沙的共产党早期组织是在（    ）的筹划下建立的。【出题：武汉大学】,['毛泽东']
1927年11月，在澎湃领导下，海陆丰人民建立起苏维埃政权。11月13日，在陆丰召开的工农兵代表大会通过（    ），决定立即开展土地革命，实现“耕者有其田”。,['《没收土地案》']
以下哪些作品是由周恩来完成的（    ）？【出题：武汉大学】,"['《抗战军队的政治工作》', '《我的修养要则》', '《论统一战线》']"
下列人物中，没有出席党的一大的是（   ）。【出题：武汉大学】,"['陈独秀', '李大钊']"
打响了中国共产党武装反抗国民党反动统治的第一枪的起义是（    ）。【出题：武汉大学】,['南昌起义']
“名将以身殉国家，愿拼热血卫吾华。太行浩气传千古，留得清漳吐血花。”是（    ）为纪念左权将军而做的诗。【出题：武汉大学】,['朱德']
l924年，国民党在广州创办的培养军事政治人才的学校是（    ）。【出题：武汉大学】,['黄埔军校']
1939年2月，（    ）受中共中央委托，到达皖南新四军军部。为新四军贯彻中共中央战略部署，巩固和扩大华中根据地起到积极作用。【出题：武汉大学】,['周恩来']
1946年，为了打退国民党对解放区的军事进攻，中共中央指出在军事上必须（    ）。,['集中优势兵力，各个歼灭敌人']
在南昌起义中，担任中共中央前敌委员会书记职务的是（    ）。【出题：武汉大学】,['周恩来']
形成于新民主主义革命开端的民族精神是（    ）。【出题：武汉大学】,['五四精神']
1945年毛泽东参加（    ），民主人士柳亚子赋诗称颂毛泽东这一行为是“弥天大勇”。【出题：武汉大学】,['重庆谈判']
1920年11月，在上海中国共产党早期组织领导下成立的第一个工会组织是（    ）。【出题：武汉大学】,['上海机器工会']
抗日民主政权在工作人员分配上实行的“三三制”原则是指：（    ）。【出题：武汉大学】,['共产党员、非党的左派进步分子和不左不右的中间派各占三分之一']
中国共产党在遵义会议上集中全力解决的主要问题是（    ）。,['军事和组织问题']
下列关于中共七大的表述，正确的有（    ）。【出题：武汉大学】,"['刘少奇作《关于修改党章的报告》', '朱德作《论解放区战场》的军事报告', '周恩来作《论统一战线》的讲话', '毛泽东向大会作题为《论联合政府》的政治报告']"
关于五四运动，下面说法正确的是（    ）。【出题：武汉大学】,"['为中国共产党的成立做了思想上和干部上的准备', '标志着新民主主义革命的开端', '近代中国第一次彻底的反帝反封建的革命运动']"
新民主主义革命理论形成的客观条件是（    ）。【出题：武汉大学】,"['世界形势的新变化', '旧民主主义革命的失败', '近代中国革命形势的发展']"
在中国人民抗日战争的壮阔进程中，形成了伟大的抗战精神，中国人民向世界展示了（    ）。,"['百折不挠、坚忍不拔的必胜信念', '不畏强暴、血战到底的英雄气概', '视死如归、宁死不屈的民族气节', '天下兴亡、匹夫有责的爱国情怀']"
1949年1月6日至8日，中共中央在西柏坡召开的政治局会议上着重讨论了党的工作重心的转移，这个转移指（    ）。【出题：武汉大学】,['由乡村转移到城市']
新民主主义革命的中心内容是（    ）。【出题：武汉大学】,['没收地主阶级的土地归农民所有']
习近平总书记指出：“伟大的（    ），永远是激励中国人民克服一切艰难险阻、为实现中华民族伟大复兴而奋斗的强大精神动力。”,['抗战精神']
（    ）自治政府是中国共产党领导的第一个少数民族自治政府。,['内蒙古']
1933年5月，原西北军将领（    ）在张家口成立察哈尔民众抗日同盟军，并谋求与共产党合作。【出题：武汉大学】,['冯玉祥']
在抗日战争中，除了国内各民族团结一致之外，海外华人华侨也给予了国内抗战很大帮助。其中，南洋各属华侨筹赈祖国难民总会是战时人数最多、成绩斐然的抗日救国侨团，其主席是（    ）。【出题：武汉大学】,['陈嘉庚']
抗日战争时期，中国共产党在国民党统治区公开出版的机关报是：（    ）。【出题：武汉大学】,['新华日报']
中国共产党第一次全国代表大会确立（    ）为中央局书记。【出题：武汉大学】,['陈独秀']
1945年4月23日，（    ）确立毛泽东思想为全党的指导思想并写入党章。【出题：武汉大学】,['党的七大']
第一次国共合作正式建立的标志是：（    ）。【出题：武汉大学】,['国民党一大  ']
新民主主义革命的目标是建立（    ）的社会制度。,['新民主主义']
中国共产党首次提出关于执政党建设的会议是（    ）。,['党的七届二中全会']
中国早期党组织的主要活动是什么？【出题：武汉大学】,"['同反马克思主义思潮展开论战', '研究和宣传马克思主义', '在工人中进行宣传和组织工作', '成立社会主义青年团组织']"
在西安事变中，下列哪些人物在西安迫使蒋介石做出“停止剿共，联红抗日”的承诺？【出题：武汉大学】,"['杨虎城', '周恩来', '张学良']"
为了打退国民党对解放区的军事进攻，中共中央做出的决定是（    ）。,"['在党的领导下建立最广泛的人民民主统一战线', '必须争取一切可以争取的人', '必须和人民群众亲密合作', '必须采取集中优势兵力、各个歼灭敌人的作战原则']"
长征途中，标志着中央红军摆脱数十万敌军追堵拦截的是（    ）。【出题：武汉大学】,['巧渡金沙江']
（    ）是中国共产党和红军建设的纲领性文献。它初步回答了在党员以农民为主要成分的情况下，如何从加强党的思想建设着手，保持党的无产阶级先锋队性质的问题；初步回答了在农村进行革命战争的环境中，如何将以农民为主要成分的军队，建设成无产阶级领导的新型人民军队的问题。【出题：武汉大学】,['古田会议决议']
1949年6月26日，国民党将领张治中在《对时局的声明》中说：“我居留北平已八十多天了，以我所见所闻的，处处显露出一种新的转变、新的趋向，象征着我们国家民族的前途已显露出新的希望。”这段话表明（    ）。,['“没用共产党就没有新中国”']
2003年，神舟五号载人飞船发射成功，将中国首飞航天员（  ）送上太空，并在飞行21小时后安全返回。,['杨利伟']
毛泽东率领的秋收起义部队，和朱德、陈毅领导的湘南起义和南昌起义部分部队在井冈山（原宁冈县龙市镇）胜利会师的时间是（    ）。【出题：武汉大学】,['1928年4月']
“千古奇冤，江南一叶；同室操戈，相煎何急？”是指（    ）。【出题：武汉大学】,['皖南事变']
1938年，针对抗日战争“亡国论”和“速胜论”等错误观点，毛泽东在延安撰写的著作是（    ）。,['《论持久战》']
中国共产党早期的重要领导人之一、被评为“100位为新中国成立作出突出贡献的英雄模范”之一、党的历史上第一个牺牲在战斗第一线的中央委员和政治局成员是（    ）【出题：武汉大学】,['张太雷  ']
（    ）是中国工人阶级第一次直接同帝国主义势力进行的有组织的较量。,['香港海员罢工']
中共中央在延安进行了很多具有重大历史意义的活动。以下关于延安的论述错误的是（    ）。,['延安是中华苏维埃共和国临时中央政府的诞生地']
中华苏维埃第一次全国代表大会于（   ）在瑞金召开，选举产生了中华苏维埃共和国中央执行委员会，宣布成立中华苏维埃共和国临时中央政府。【出题：武汉大学】,['1931年11月']
毛泽东指出:“中国社会是一个两头小中间大的社会”，那么小的两头是指（    ）。【出题：武汉大学】,"['无产阶级', '地主大资产阶级']"
中国共产党带领中国人民取得新民主主义革命胜利的三大法宝是（    ）。,"['统一战线', '武装斗争', '党的建设']"
1939年7月7日，中共中央发出《为抗战两周年纪念对时局的宣言》，旗帜鲜明地提出的口号是（    ）。,"['巩固国内团结——反对内部分裂', '力求全国进步——反对向后倒退', '坚持抗战到底——反对中途妥协']"
南昌起义在全党和全国人民面前树立起一面革命武装斗争的旗帜，在此之后，中国共产党先后领导发动了多次起义，其中包括（    ）。【出题：武汉大学】,"['湘南起义', '秋收起义', '海陆丰起义', '广州起义']"
蒋介石在（    ）后对日本实行不抵抗政策。【出题：武汉大学】,['九一八事变']
1942年延安整风运动的方针是（    ）。,['惩前毖后，治病救人']
全国抗战以来八路军在华北发动的规模最大、持续时间最长的一次带有战略性进攻的战役是（    ），提高了共产党和八路军的威望。,['百团大战']
在抗日战争中，多位外国友人不远万里来到中国，参加敌后抗战，其中为抢救八路军伤员而感染细菌不幸牺牲的外国友人是（    ）。【出题：武汉大学】,['白求恩']
1948年11月14日，一场战役胜利后，毛泽东在《中国军事形势的重大变化》一文中指出：“现在看来，只需从现时起，再有一年左右的时间，就可能将国民党反动政府从根本上打倒了。”这场战役指的是（    ）。【出题：武汉大学】,['辽沈战役']
1935年12月，毛泽东在《论反对日本帝国主义的策略》报告中提出，长征是历史纪录上的第一次，长征是（    ），长征是（    ），长征是（    ）。,"['宣言书', '播种机', '宣传队']"
1937年2月，中共中央致电国民党三中全会提出了五项要求，表示如果国民党将五项要求定为国策，共产党愿意实行四项保证。四项保证包括以下（    ）。【出题：武汉大学】,"['特区实行彻底的民主制度', '工农政府改名为中华民国特区政府，红军改名为国民革命军', '实行停止武力推翻国民党政府的方针', '停止没收地主土地的政策，坚决执行抗日民族统一战线的共同纲领']"
揭开人民解放战争战略进攻序幕的是（    ）。,"['陈赓、谢福治指挥的晋冀鲁豫野战军一部挺进豫西', '刘伯承、邓小平率领的晋冀鲁豫野战军主力千里跃进大别山', '陈毅、粟裕指挥的华东野战军主力挺进苏鲁豫皖地区', '三路大军相互策应，机动歼敌']"
1942年，朱德总司令含泪写下：“名将以身殉国家，愿拼热血卫吾华。太行浩气传千古，留得清漳吐血花。”这里的“名将”指的是（    ）。【出题：武汉大学】,['左权']
在全党和全国人民面前树立起一面革命武装斗争的旗帜，标志着中国共产党独立地领导革命战争、创建人民军队和武装夺取政权开始的历史事件是（    ）。,['南昌起义']
红军第（    ）次反“围剿”失败后，不得不放弃中央根据地，开始了艰苦卓绝的长征。,['五']
新中国的第一部法律是（    ）。,['《中华人民共和国婚姻法》']
1941年1月17日，周恩来在《新华日报》题写了“千古奇冤，江南一叶；同室操戈，相煎何急？！”的题词，揭露国民党顽固派制造（    ）的真相。,['皖南事变']
"抗日战争时期，东北抗联的""八女投江""的带头人是：（    ）。【出题：武汉大学】",['冷云']
华北事变发生后，北平学生由于向北平当局请愿无果，遂将请愿改为示威游行，在遭到军警镇压后，次日北平各校学生举行全市总罢课，这就是著名的（    ）。在其影响下，抗日救亡斗争发展为全国规模的群众运动。【出题：武汉大学】,['一二九运动']
古田会议根据中共中央的指示，选举产生了新的中共红四军前敌委员会，书记是（    ）。【出题：武汉大学】,['毛泽东']
中共四大第一次明确提出（    ）。【出题：武汉大学】,['关于无产阶级领导权和工农联盟的问题']
为了向全党和全国人民说明党对于中国革命和新中国建设的全部见解，毛泽东于1939年底1940年初，先后发表了（    ）等重要著作。,"['《新民主主义论》', '《共产党人>发刊词》', '《中国革命和中国共产党》']"
在极端危急的情况下，为了挽救革命，1927年7月中旬，刚组成的中共中央政治局临时常委会毅然决定了三件大事：（    ）。【出题：武汉大学】,"['将党所掌握和影响的部队向南昌集中，准备发动武装起义', '召集中央紧急会议，讨论和决定大革命失败后的新方针', '组织工农运动基础较好的湘、鄂、赣、粤四省农民发动秋收起义']"
1935年3月，一位共产党员受伤被捕后，在从容就义前仍写下“带镣长街行，志气愈轩昂；拼作阶下囚，工农齐解放”诗句以明志，他是（    ）。【出题：武汉大学】,['刘伯坚']
解放战争时期，随着反奸清算和减租减息运动的深入发展，各地农民对于解决土地问题的要求日益迫切。因此，中共中央在1946年5月4日发布《关于土地问题的指示》，决定将抗战以来实行的减租减息政策，改变为实现（    ）的政策。,['耕者有其田']
全面内战爆发后的头几个月，中共中央所提的口号是“（    ）”。这个口号表明，这场战争是国民党强加于中国人民的，中国共产党被迫应战，其目的仍然是为了制止战争，恢复和平。,['武装自卫']
1936年12月12日，爆发了震惊中外的（    ）。,['西安事变']
1921年7月23日，各地党组织选派代表在（    ）召开第一次全国代表大会。,['上海']
1950年朝鲜战争爆发，以（    ）为司令员兼政治委员的中国人民志愿军奉命开赴朝鲜战场。,['彭德怀']
中共湘赣边界第一个县级红色政权是（    ）。【出题：武汉大学】,['茶陵县工农兵政府']
毛泽东在1956年提出的十大关系围绕的基本方针是（    ）。,['调动国内外一切积极因素，为社会主义服务']
1934年10月成立的中华苏维埃共和国中央政府办事处主任是（    ）。【出题：武汉大学】,['陈毅']
红军长征到达陕北后，毛泽东、中共中央用很大的精力，去总结历史经验，加强共产党自身的思想理论建设，这些文章包括（    ）。,"['《实践论》', '《中国革命战争的战略问题》', '《矛盾论》', '《论反对日本帝国主义的策略》']"
1924年至1927年的大革命，规模宏伟，内涵丰富。与辛亥革命相比较，其特点在于（    ）。,"['它是在以国共合作为基础的统一战线的组织形式下进行的', '它广泛而深刻地发动了工农群众', '它的主要斗争形式是武装斗争']"
近代中国半殖民地半封建的社会性质，决定了近代中国的社会主要矛盾是（   ）。【出题：武汉大学】,"['封建主义和人民大众的矛盾', '帝国主义和中华民族的矛盾']"
以下属于中国共产党领导的第一次工人运动高潮中的罢工是（    ）。 【出题：武汉大学】,"['香港海员罢工', '京汉铁路罢工', '安源路矿工人罢工']"
1927年，大革命失败后，英勇的中国共产党人并没有被国民党的屠杀政策所吓倒。许多共产党人以自己的鲜血和生命，捍卫了共产主义的信念，其中在狱中写下“砍头不要紧，只要主义真”的共产党人是（    ）。【出题：武汉大学】,['夏明翰']
抗日民族政权普遍采取的是（    ），各级抗日民主政权机构的领导人都经过人民选举产生。朱德总司令称赞：“实行民主真行宪，只见公仆不见官。”,['民主集中制']
确立毛泽东思想为党的指导思想，并写入党章是（    ）的历史性贡献。【出题：武汉大学】,['党的七大']
抗日战争开始后，中国共产党根据抗日战争的特点明确提出了（    ）抗战的路线和持久战的方针。,['全面']
为了取得抗战的胜利，国共两党实现合作。其合作的形式是（    ）。【出题：武汉大学】,['建立抗日民族统一战线']
1935年6月，红四战士们高喊着“征服夹金山，创造行军奇迹”的口号艰难前行。战士们正在进行（    ）。【出题：武汉大学】,['万里长征']
1928年，率领南昌起义保留下来的部队与毛泽东领导的部队在井冈山会师的领导人是（    ）。①周恩来 ②陈毅 ③瞿秋白 ④朱德 【出题：武汉大学】,['②④']
党最早提出关于统一战线的思想和主张是（    ）。【出题：武汉大学】,['《关于“民主的联合战线”的决议案》    ']
土地革命战争时期，中国共产党所开辟的“中国革命的新道路”是指（    ）。,['农村包围城市，武装夺取政权']
东北抗日联军对日本帝国主义进行了艰苦卓绝的斗争，他们的代表人物是（    ）。【出题：武汉大学】,"['杨靖宇', '赵一曼']"
毛泽东同志撰写的《论持久战》科学地预见到抗日战争将经过（    ）三个阶段。,"['战略防御', '战略相持', '战略反攻']"
日本侵占东北三省是在（    ）。【出题：武汉大学】,['九一八事变后']
五四运动的直接导火索是（    ）。【出题：武汉大学】,['中国在巴黎和会上的外交失败']
1921年7月党的一大召开，考虑到党员人数较少和地方组织暂不健全的情况，决定设立（    ）作为中央的临时领导机构。,['中央局']
必须把“努力研究中国的客观的实际情形，而求得一最合宜的实际的解决中国问题的方案”，当作“第一任务”。出自（    ）。【出题：武汉大学】,['《先驱》发刊词  ']
（    ）首次比较完整地提出了中国共产党抗日民族统一战线的策略方针，得到全国各阶层人民的拥护和响应。,['《八一宣言》']
中国第一个农民协会诞生于（    ）。【出题：武汉大学】,['浙江萧山县\t ']
兴国县《土地法》对于井冈山《土地法》的一个原则性改正是（   ）。【出题：武汉大学】,['将“没收一切土地”改为“没收一切公共土地及地主阶级的土地”']
1931年11月，鄂豫皖根据地的红四军和红二十五军合编为红四方面军，与红一方面军和红二方面军并称，为中国工农红军三大主力部队之一，其总指挥是（   ）。【出题：武汉大学】,['徐向前']
1941年底，中共中央南方局在重庆红岩召开会议。会后，南方局提出国民党统治区的党员要实行“三勤”和“三化”，其中“三勤”是指（    ）。【出题：武汉大学】,"['勤交朋友', '勤学', '勤业']"
中国共产党第七次全国代表大会的重大意义在于（    ）。【出题：武汉大学】,"['确立毛泽东思想为党的指导思想', '为抗日战争和新民主主义革命的胜利做了重要准备', '实现了全党空前的团结和统一']"
1947年10月，中国共产党公布一部法律后，一位美国人评论称这部法律“在1946年至1950年中国内战期间，恰如林肯的《黑奴解放宣言》在1861年至1865年美国南北战争期间的作用”，这部法律是（    ）。【出题：武汉大学】,['《中国土地法大纲》']
1946年6月26日，国民党不顾全国人民的强烈反对，以围攻（    ）为起点，相继在晋南、苏皖边、鲁西南、胶济路及其两侧、冀东、绥东、察南、热河、辽南等地，向解放区展开大规模的进攻，全面内战爆发。,['中原解放区']
为了加强对团员的宣传教育工作，中国社会主义青年团中央于1922年1月15日创办了机关刊物（    ）。,['《先驱》']
2008年中国海军舰艇编队从（  ）出发，赴亚丁湾、索马里海域执行护航任务。,['三亚']
新中国成立前夕，（    ）成为中国人民的大宪章，在一个时期内起着临时宪法的作用。,['《共同纲领》']
下列关于中国共产党第一次代表大会的叙述，不正确的一项是（    ）。【出题：武汉大学】,['提出反帝反封建的民主革命纲领']
全面抗战爆发后，八路军打的第一个大胜仗是：（    ）。【出题：武汉大学】,['平型关大捷 ']
作为东北抗日联军的主要创建者和领导人之一，他创作《西征胜利歌》，并在弹尽粮绝的紧急情况下，孤身一人与大量日寇周旋战斗几昼夜后壮烈牺牲，他是（    ）。【出题：武汉大学】,['杨靖宇']
五四运动是近代中国革命史上具有划时代意义的事件。它的历史意义在于（    ）。【出题：武汉大学】,"['促进马克思主义在中国传播，推动社会主义思潮在中国的蓬勃兴起', '为中国共产党的成立在思想上、干部上做了准备', '彻底地不妥协地反对帝国主义和封建主义', '启导广大人民的觉悟，准备革命力量的团结']"
抗日战争的胜利，深刻地影响着中华民族的历史进程。抗日战争胜利的伟大历史意义体现在（    ）。【出题：武汉大学】,"['是近代以来中华民族反抗外敌入侵第一次取得完全胜利的民族解放战争', '对世界文明进步具有重大而深远的意义', '是中华民族走向复兴的历史转折点', '大大提高了中国的国际地位']"
1936年张学良、杨虎城联合发动了对蒋介石的“兵谏”，这就是震惊中外的（    ）。【出题：武汉大学】,['西安事变']
北平学生喊出“华北之大，已经安放不得一张平静的书桌了！”是在日本帝国主义制造了（    ）之后。,['华北事变']
中国抗日战争进入全国性抗战的新时期是在（    ）。【出题：武汉大学】,['卢沟桥事变后']
1924年至1927年，中国的大地上爆发了一场席卷全国的革命运动，其声势之浩大，群众发动之广泛，在中国近代历史上是前所未有的，人们通常把它称为（    ）。,['大革命']
从五四运动至新中国成立，中国的社会性质是（    ）。,['半殖民地半封建社会']
1921年8月，中国共产党在上海成立了领导中国工人运动的公开机构（    ）。【出题：武汉大学】,['中国劳动组合书记部']
五四运动，孕育了以爱国、进步、民主、科学为主要内容的伟大五四精神，其核心是（    ）精神。,['爱国主义']
1945年，党的（    ）确立了毛泽东思想为全党的指导思想。【出题：武汉大学】,['七大']
（    ）顺应时代的需要，率先在中国大地上高举起马克思列宁主义的旗帜。,['李大钊']
无产阶级及其政党实现领导权的根本保证是（    ）。【出题：武汉大学】,['加强无产阶级政党的建设']
1929年12月，毛泽东在《关于纠正党内的错误思想》中指出红四军党内存在各种非无产阶级思想，包括以下（    ）。【出题：武汉大学】,"['非组织观点', '单纯军事观点', '极端民主化']"
1927年初，毛泽东到湖南（    ）（    ）（    ）等地考察，撰写了《湖南农民运动考察报告》，驳斥了党内对农民运动的种种责难，论述了进行农村革命的伟大意义。【出题：武汉大学】,"['湘潭', '长沙', '湘乡']"
第一次国共合作得以实现的条件有（    ）。【出题：武汉大学】,"['中国国民党在各政党中“比较是革命的民主派”', '“打倒列强除军阀”成为全国人民的共同愿望', '共产国际提出了实行国共合作的建议', '中国共产党需要团结各种力量作为革命同盟军']"
1930年1月，毛泽东进一步从理论上阐述农村包围城市、武装夺取政权理论的文章是（    ）。,['《星星之火，可以燎原》']
新中国成立初期，以毛泽东为主要代表的中国共产党人提出了三大外交方针，为独立自主的新中国外交关系奠定了基础。以下不属于三大外交方针的是（    ）。,['“真正不结盟” ']
1932年11月，张闻天在党中央机关报《斗争》上发表《文艺战线上的关门主义》和（    ）两篇文章，强调要反对文艺战线上的“左”倾错误。【出题：武汉大学】,['《论我们的宣传鼓动工作》']
为了全面制定党的行动纲领，准备夺取全国胜利，1947年底，中共中央召开了（    ）。【出题：武汉大学】,['十二月会议']
党的十四届六中全会做出决定，对县处级以上领导干部集中进行一次以（  ）为主要内容的党性党风教育。,['讲学习、讲政治、讲正气']
标志着十年内战基本结束，国共合作抗日局面开始出现的历史事件是（    ）。【出题：武汉大学】,['西安事变的和平解决']
1963年周恩来在一次会议上强调，把我国建设成为一个社会主义强国，关键在于实现（    ）。,['科学技术现代化']
1937年10月，国共两党在南京达成协议，将留在南方八省的红军和游击队（除琼崖红军游击队外）改编为国民革命军陆军新编第四军，由（    ）担任军长。,['叶挺']
解放战争时期，中国各民主党派和无党派民主人士先后多次表明愿意拥护建立人民民主的新中国，以下文献可以反映这段史实的是（    ）。【出题：武汉大学】,"['《中国人民政治协商会议共同纲领》', '《对时局的意见》']"
2019年5月15日，国家主席习近平在亚洲文明对话大会开幕式上指出，亚洲各国人民希望远离恐惧，实现安居乐业、普遍安全，希望各国互尊互信、和睦相处，广泛开展跨国界、跨时空、跨文明的交往活动，共同维护比金子还珍贵的（    ）时光。【出题：武汉大学】,['和平']
在1930年到1931年的三次反“围剿”中，毛泽东领导红军采取的有效军事战术是（    ）。,['诱敌深入，避敌主力，打其虚弱']
第一次明确提出彻底的反帝反封建民主革命纲领的会议是（    ）。【出题：武汉大学】,['党的二大']
中国共产党正式提出党内实行民主集中制的组织原则是在（    ）。,['党的五大']
中国人民解放军在转入全面战略进攻之后，发动多场战役战斗，屡建奇勋，为国民党政权覆灭敲响了丧钟。其中，歼灭黄维、邱清泉、黄百韬等多个兵团的战役是（    ）。【出题：武汉大学】,['淮海战役']
在新民主主义文化中居于指导地位的是（    ）。【出题：武汉大学】,['共产主义思想']
党的二大制定的民主革命纲领包括（    ）。,"['推翻帝国主义压迫', '打倒军阀', '统一中国为真正的民主共和国']"
下面关于中共三大表述正确的有（    ）。【出题：武汉大学】,"['决定全体共产党员以个人名义加入国民党', '有力推动了第一次国共合作的形成', '在共产党员加入国民党时，党必须在政治上、思想上、组织上保持自己的独立性', '正确制定了建立革命统一战线的方针政策']"
1949年中国人民政治协商会议通过的（    ）成为中国人民的大宪章，它在一个时期内起着临时宪法的作用。【出题：武汉大学】,['《中国人民政治协商会议共同纲领》']
在新民主主义革命初期，为了大力开展工人运动，中国共产党成立的公开做职工运动的总机关是（    ）。【出题：武汉大学】,['中国劳动组合书记部']
1941年5月，毛泽东在延安高级干部会议上作（    ）的报告，深刻地论述了马克思列宁主义基本原理同中国革命具体实际相结合的原则，尖锐批判了主观主义作风，号召全党注重调查研究，树立理论和实际相统一的马克思主义作风。,['《改造我们的学习》']
毛泽东在《论人民民主专政》一文中指出，总结我们的经验，集中到一点，就是（    ）。,['工人阶级（经过共产党领导的以工农联盟为基础的人民民主专政']
标志着毛泽东思想成熟的著作是（    ）。,['《新民主主义论》']
在第一次全国劳动大会前后，以1922年1月香港海员罢工为起点，以（    ）为终点，掀起了中国工人运动的第一个高潮。【出题：武汉大学】,['1923年2月京汉铁路工人罢工']
20世纪20年代，中国共产党认识到应该联合其他革命党派，建立革命统一战线，此次“联合”所顺应的时代呼声是（    ）。【出题：武汉大学】,['打倒列强，除军阀']
（    ）标志着中国共产党在政治上开始走向成熟。【出题：武汉大学】,['遵义会议  ']
中国第一次明确提出反帝反封建的民主革命纲领的时间是（    ）。【出题：武汉大学】,['1922年7月']
党的二大宣言初步阐明了现阶段中国革命的性质、对象、动力、策略、任务和目标，指明了中国革命的前途是（    ）。【出题：武汉大学】,['向社会主义革命转变']
毛泽东指出的决定国家命运的基本势力是（    ）。【出题：武汉大学】,"['无产阶级', '农民', '其他小资产阶级', '知识分子']"
下列能为抗日战争“促进了中华民族的觉醒，使中国人民在精神上、组织上的进步达到了前所未有的高度”提供史料支撑的有（    ）。【出题：武汉大学】,"['建立广泛的抗日民族统一战线', '华人华侨归国参战', '人民群众广泛开展游击战争']"
在中华苏维埃第一次全国代表大会后，毛泽东当选（    ）。【出题：武汉大学】,"['中华苏维埃共和国中央执行委员会人民委员会主席', '中华苏维埃共和国中央执行委员会主席']"
红军长征途中召开的（    ），开始确立了毛泽东在党中央和红军的领导地位，成为党的历史上一个生死攸关的转折点。【出题：武汉大学】,['遵义会议']
初步形成以乡村为中心、先在农村建立和发展红色政权，待条件成熟时再夺取全国政权思想的文章是（    ）。【出题：武汉大学】,['《星星之火，可以燎原》']
许多地方被称为革命圣地，是因为它跟重大的革命历史事件有关。下列对应正确的是（    ）。【出题：武汉大学】,['井冈山——红色根据地创建']
随着济南战役的胜利，中共中央先后组织了三个战略性的战役，下列战役中不属于其中的是（    ）。【出题：武汉大学】,['豫东战役']
中国共产党的最早组织是在（    ）首先建立的。,['上海']
日本宣布无条件投降是在（    ）。【出题：武汉大学】,['1945年8月15日']
1940年8月，为粉碎敌人的“囚笼政策”，八路军发动了一场大规模的破袭战，给日军以极大震撼。日军把这场战役称为“挖心战”。这场战役主要发生在（    ）。【出题：武汉大学】,['华北']
解放战争中，随着解放区土改运动的进行，党内的一些问题暴露了出来。为了解决问题，净化党的队伍，中央决定结合土改进行整党，此次整党的基本方针是（    ）。【出题：武汉大学】,"['以说服教育为主', '惩前毖后，治病救人', '开展批评与自我批评']"
“自从有了中国共产党，中国革命的面貌就焕然一新了”，“新”主要表现在（    ）。【出题：武汉大学】,"['以实现社会主义、共产主义为奋斗目标', '改变了近代以来革命屡败的局面', '革命出现了崭新的无产阶级政党的领导', '马克思主义开始成为革命的指导思想']"
1942年，中国共产党在全党范围内展开了一次整风运动，分两个层次进行，一是（    ）的整风，一是（    ）和（    ）的整风。,"['普通党员', '一般干部', '党的高级干部']"
在1931年当选为中华苏维埃共和国临时中央政府主席的是（    ）。,['毛泽东']
人民民主专政的领导力量是（    ），阶级基础是工农联盟，享受民主权利和对敌人实行专政的都是工人阶级和广大人民群众，执行的是无产阶级政策。,['工人阶级']
区别新旧两种不同范畴的民主主义革命，其根本的标志是（    ）。【出题：武汉大学】,['革命的领导权掌握在哪个阶级手里']
长征精神的核心是以（    ）为核心的民族精神的最高体现。【出题：武汉大学】,['爱国主义']
1923年2月7日晚，北洋军阀以“煽动工潮”的罪名逮捕京汉铁路总工会法律顾问（    ），他牺牲前身中三弹仍引吭三呼“劳工万岁”，展现出共产党员视死如归的英雄气概。【出题：武汉大学】,['施洋']
中国共产党的第十九次全国代表大会提出“不忘初心、牢记使命”。这个“初心”是在（    ）上确立的。【出题：武汉大学】,['党的一大 ']
中国工人阶级第一次全国性盛会——第一次全国劳动大会召开的地点是（    ）。【出题：武汉大学】,['广州']
1921年中国共产党的成立，是中国革命历史上划时代的里程碑，中国革命从此焕然一新。从此中国革命有了（    ）。,"['崭新的奋斗目标', '坚强的领导力量', '科学的指导思想']"
红军长征结束时会师的三大主力红军是（    ）。【出题：武汉大学】,"['红二方面军', '红一方面军', '红四方面军']"
1945年8月25日，中共中央发表《对目前时局的宣言》，明确提出对待国民党的方针，也即（    ）的口号。,"['民主', '和平', '团结']"
中国民主革命的中心内容是（    ）。【出题：武汉大学】,['土地革命']
人民群众用小车推出来的胜利，是（    ）战役。,['淮海']
 “农村包围城市，武装夺取政权”是中国共产党走出的符合中国国情的革命道路。这条道路的开辟始于创建（     ）。,['井冈山革命根据地']
“共争青岛归还，同看陆章罢黜；欢呼学生罢课，庆贺商店关门。”这首打油诗反映了（    ）事件。【出题：武汉大学】,['五四运动']
1919年11月至12月，留日归来的杨匏安在广东《中华新报》上发表长篇连载文章（    ），对马克思主义的唯物史观、经济学说和科学社会主义作了相当系统的介绍。【出题：武汉大学】,['《马克思主义（一称科学社会主义）》   ']
1947年10月10日，中国人民解放军总部发表宣言，提出的口号是（    ）。,['打倒蒋介石，解放全中国']
鸦片战争后中国社会性质发生的两个根本性的变化是（    ）。【出题：武汉大学】,"['封建的中国逐步变为半封建的中国', '独立的中国逐步沦为半殖民地的中国']"
1935年12月，中共中央在（    ）上确定了抗日民族统一战线的策略方针。【出题：武汉大学】,['瓦窑堡会议']
1920年8月，中国第一个青年团早期组织（    ）社会主义青年团诞生。【出题：武汉大学】,['上海']
新民主主义革命理论的核心问题是（    ）。【出题：武汉大学】,['无产阶级的领导权    ']
中国有一座城市，它曾经是最早开放的通商口岸之一，无产阶级在这里首先登上政治舞台，中国共产党从这里开始踏上革命征程，这座城市是（    ）。【出题：武汉大学】,['上海']
国共两党第二次合作初步形成的标志是（    ）。【出题：武汉大学】,['西安事变的和平解决']
刘少奇自1936年初至全面抗日战争爆发前夕一年多时间里，先后撰写30多篇文章、报告及党内通信，阐明了党在国民党统治区斗争的正确的策略思想。其中《肃清关门主义与冒险主义》发表的时间是（    ）。【出题：武汉大学】,['1936年4月']
1949年4月1日，以周恩来为首席代表的中国共产党代表团同以张治中为首席代表的国民党政府代表团，在（    ）开始举行谈判。【出题：武汉大学】,['北平']
在井冈山革命根据地时期，毛泽东总结部队从事群众工作的经验，规定了三大纪律、六项注意。其中，三大纪律是（    ）。,"['不拿工人农民一点东西', '行动听指挥', '打土豪要归公']"
抗日战争时期，在反“扫荡”作战中，一位伟大的国际主义战士、加拿大医生在抢救八路军伤员时感染细菌，不幸病逝，为中国人民解放事业献出了宝贵的生命，他是（    ）。【出题：武汉大学】,['白求恩']
新民主主义革命时期，中国共产党党内思想上的主要矛盾是（    ）。【出题：武汉大学】,['无产阶级思想和非无产阶级思想之间的矛盾']
“上海小楼，南湖游船，开天辟地，谱写新篇”描述的历史事件是（    ）。【出题：武汉大学】,['中国共产党的成立']
毛泽东在《中国革命和中国共产党》中论述了民主革命和社会主义革命的关系。他指出：“民主革命是社会主义革命的必要准备，社会主义革命是民主革命的必然趋势。”这两个革命阶段能够有机连接的原因是（    ）。,['中国国情决定中国革命必须分“两步走”']
我国首位在奥运会获得金牌的运动员是（  ）。,['许海峰']
1937年8月，中国共产党在陕北洛川召开的政治局扩大会议制定了（    ）。【出题：武汉大学】,['抗日救国十大纲领']
表明党已经克服了从第五次反“围剿”以来的“左”倾冒险主义和关门主义的会议是（    ）。【出题：武汉大学】,['瓦窑堡会议']
中国共产党第一次就中国民主革命的重大问题，向社会各界公开自己的政治主张，党运用马克思列宁主义分析中国社会状况，解决中国革命问题的新起点是（    ）。【出题：武汉大学】,['1922年6月，中共中央发表《中国共产党对于时局的主张》']
1992年邓小平南方讲话时强调：发展才是硬道理。抓住时机发展自己，关键是（  ）。,['发展经济']
在解放战争时期开展的土地改革运动中，中国共产党颁布的土地法令有（    ）。,"['《关于清算、减租及土地问题的指示》', '《中国土地法大纲》']"
新民主主义革命的动力主要包括（    ）。【出题：武汉大学】,"['城市小资产阶级', '农民阶级', '民族资产阶级', '工人阶级']"
1945年，党的七大把党在长期奋斗中形成的优良作风概括为（    ）。,"['批评与自我批评', '理论联系实践', '密切联系群众']"
毛泽东的下列诗句中，与红军长征相关历史事件是（    ）。【出题：武汉大学】,"['金沙水拍云崖暖', '更喜岷山千里雪', '大渡桥横铁索寒']"
新民主主义革命的前途是（    ）。【出题：武汉大学】,['社会主义']
“学生罢课半月，政府不管不理，且待日益严厉；及至商界罢市不及一日，而北京被捕学生获释；工界罢工不及五日，而曹、陆、章去。”下列对该材料的理解不正确的是（    ）。【出题：武汉大学】,['说明了武装斗争的必要性']
“浪迹江湖忆旧游，故人生死各千秋。已摈忧患寻常事，留得豪情作楚囚。”这是广州起义领导人之一、中国青年的领袖和导师（    ）在南京就义前留下的感人肺腑的诗篇。【出题：武汉大学】,['恽代英']
红军在长征途中开始获得军事主动权的事件是（    ）。【出题：武汉大学】,['中央红军通道转兵']
著名的抗日民族英雄、东北抗日联军创建人和领导人（    ）牺牲后，残忍的日军割头剖腹，发现他的胃里尽是枯草、树皮和棉絮，竟无一粒粮食，无不为之震惊。【出题：武汉大学】,['杨靖宇']
1924年1月，中国国民党在广州举行第一次全国代表大会，大会宣言对三民主义作出新的解释，事实上确立了（    ）的三大政策，奠定了国共合作的政治基础，标志着第一次国共合作正式形成。【出题：武汉大学】,"['联俄', '扶助农工', '联共']"
1927年底，毛泽东指出部队必须执行的三大任务是？【出题：武汉大学】,"['打仗消灭敌人', '打土豪筹款子', '做群众工作']"
毛泽东在《中国的红色政权为什么能够存在?》中提出边界党巩固军事根据地的方法是（    ）。【出题：武汉大学】,"['建设较好的红军医院', '修筑完备的工事', '储存充足的粮食']"
中国共产党在领导新民主主义革命过程中，作为一项“伟大的工程”的是（    ）。【出题：武汉大学】,['党的建设   ']
解放战争时期，人民解放军进行战略决战的三大战役是（    ）。,['辽沈、淮海、平津战役']
人民军队一切行动的根本准则是（    ）。【出题：武汉大学】,['全心全意为人民服务']
从组织上确立了党对军队的领导，成为把工农革命军建设成为无产阶级领导的新型人民军队重要开端的历史事件是（    ）。,['三湾改编']
近代中国的最基本国情是（    ）。【出题：武汉大学】,['半殖民地半封建社会']
2020年是中国人民解放军建军93周年。93年前，周恩来、贺龙、朱德等人领导起义军，打响了武装反对国民党反动统治的第一枪。这场起义是（    ）。【出题：武汉大学】,['南昌起义']
面对敌人的残酷折磨，毫不畏惧，高呼“杀死我一个，杀不绝共产党人，革命一定要胜利”，最后壮烈牺牲的江西弋横起义第六路指挥是（    ）。【出题：武汉大学】,['邱金辉']
抗日战争进入相持阶段的标志是（    ）。,['日军占领武汉、广州']
为了大力开展工人运动，中国共产党成立了公开做职工运动的总机关（    ）。,['中国劳动组合书记部']
下列关于1926—1927年北伐战争的描述正确的是（    ）。【出题：武汉大学】,"['第四军获铁军称号', '国共进行了合作', '工农运动支持了北伐']"
新民主主义革命时期，党领导的统一战线，先后经过的几个时期是（   ）。【出题：武汉大学】,"['抗日民族统一战线', '第一次国共合作的统一战线', '人民民主统一战线', '工农民主统一战线']"
公开宣布“当作一个政治力量来说，国民党已经不复存在了”的爱国者是（    ）。【出题：武汉大学】,['宋庆龄']
在三大战役进行期间和结束以后，国民党统治集团发动了一场“和平攻势”，企图利用和平谈判的手段，达到（    ）的目的。【出题：武汉大学】,['划江而治']
1940年8月至12月，为了打破日军的“囚笼政策”，对日军发动的一次大规模进攻战是（    ）。【出题：武汉大学】,['百团大战']
1923年2月7日，（    ）被北洋军阀逮捕。北洋军阀以死威胁逼迫他下令复工，遭到他断然拒绝，说：“头可断，血可流，工不可复！”最终惨遭杀害，年仅31岁。【出题：武汉大学】,['林祥谦']
“打倒列强，除军阀；国民革命成功，齐欢唱……”这首慷慨激昂的《国民革命歌》唱响于（    ）。【出题：武汉大学】,['北伐战争时期']
将《义勇军进行曲》定为代国歌是在（    ）。【出题：武汉大学】,['第一届中国人民政治协商会议  ']
中国共产党从幼年走向成熟的标志是（    ）。【出题：武汉大学】,['遵义会议']
洛川会议召开的时间是（    ）。【出题：武汉大学】,['1937年8月']
西安事变的发动者是（    ）。【出题：武汉大学】,"['杨虎城', '张学良']"
毛泽东在1925年12月发表的《中国社会各阶级的分析》中指出，半无产阶级包括（    ）。【出题：武汉大学】,"['店员', '小手工业者', '绝大部分半自耕农']"
抗日战争时期，在日本侵略者对根据地清乡扫荡战争中，有一位共产党员的母亲面对敌人的威胁利诱，痛斥敌人说“我是中国人，一向不知有投降二字”，这位共产党员是：（    ）。【出题：武汉大学】,['马本斋']
在《抗日时期的经济问题和财政问题》一文中，毛泽东指出当时经济工作和财政工作的总方针是（    ）。【出题：武汉大学】,['发展经济，保证供给']
解放战争时期统一战线的名称是（    ）。,['人民民主统一战线']
从1930年到1931年，红一方面军在三次反“围剿”斗争胜利的基础上开辟了（    ）。,['中央革命根据地']
2014年10月11日，记者韩英伟写了这首七律诗：“年少罢课求真理，赴苏深造志坚毅。反击围剿浴血雨，征伐陕甘歼顽敌。延安炮校领航向，东北战场创佳绩。天地轰鸣荡腐朽，英雄殉难山河泣。”这首诗讲的是（    ）。【出题：武汉大学】,['朱瑞               ']
在被反动派杀害前三呼“劳工万岁”的京汉铁路工会的法律顾问是（    ）。【出题：武汉大学】,['施洋']
中国人民抗日战争胜利纪念日是（    ）。,['9月3日']
农民唐和恩使用过的扁担上，刻着他在解放战争时期支援前线所经过的地方，包括山东临沂、江苏徐州、安徽双堆集。由此可以判断他支援过（    ）。【出题：武汉大学】,['淮海战役']
抗日战争期间，抗日根据地内停止实行没收地主土地的政策，普遍实行地主减租减息、农民交租交息的政策。这样做的主要目的是（    ）。【出题：武汉大学】,['壮大抗日力量']
下列事件与1935年一二九运动具有因果关系的是（    ）。【出题：武汉大学】,['华北危机']
新民主主义革命中，城市小资产阶级主要包括（    ）。【出题：武汉大学】,"['自由职业者', '知识分子', '手工业者', '小商人']"
九一八事变后，先后活跃在东北抗日战场的中国军队包括（    ）。,"['东北抗日联军', '东北抗日游击队', '东北人民革命军', '东北抗日义勇军']"
标志着中国共产党开始独立领导革命战争和创建人民军队的事件是：（    ）。【出题：武汉大学】,['南昌起义']
新民主主义革命区别旧民主主义革命的主要标志是（    ）的领导权。,['无产阶级']
1928年12月，宣布东北三省“遵守三民主义，服从国民政府，改易旗帜”的是（    ）。,['张学良']
1947年，中共中央制定了《中国土地法大纲》，规定（    ）。,['没收地主的土地']
在（    ）时期，毛泽东、朱德把红军的作战经验概括为“敌进我退，敌驻我扰，敌疲我打，敌退我进”的十六字诀。,['井冈山斗争']
明确提出中国共产党在民主革命时期纲领的是（    ）。【出题：武汉大学】,['党的二大']
在长征过程中，决定放弃到湘西北与红二、红六军团汇合的计划，改向贵州北部进军的会议在（    ）召开。【出题：武汉大学】,['黎平']
在皖南事变中被国民党扣押，后来在重庆狱中作《囚歌》的是（    ）。【出题：武汉大学】,['叶挺']
1936年10月，中国工农红军第一、二、四方面军胜利会师于（    ）。【出题：武汉大学】,['甘肃会宁、静宁地区']
“战士双脚走天下，四渡赤水出奇兵。乌江天险重飞渡，兵临贵阳逼昆明”。这段歌词出自（    ）。【出题：武汉大学】,['《长征组歌》']
1936年10月，毛泽东在与美国记者斯诺的对话中说：“从城市的观点来看，这个运动似乎注定是要失败的，因此中央委员会这时就明确地指责我。我被撤销政治局常委的职务。湖南省委也攻击我们，说我们是枪杆子运动。”材料里所说的“这个运动”是（    ）。【出题：武汉大学】,['工农武装割据']
1922年7月召开的中国共产党第二次全国代表大会的主要内容有（    ）。,"['党的最高纲领是实现社会主义、共产主义', '科学地阐明了中国社会的半殖民地半封建性质', '当前阶段的纲领是“打倒军阀，推翻国际帝国主义的压迫，统一中国为真正的民主共和国”', '提出了反帝反封建的民主革命纲领']"
中国新民主主义革命的三大经济纲领是（    ）。【出题：武汉大学】,"['没收四大家族为首的垄断资本归新民主主义国家所有', '保护民族工商实业', '没收封建阶级的土地归农民所有']"
在党的七届二中全会上，讨论了下一阶段城市中的中心工作。全会指出，城市中的中心工作是（    ）。【出题：武汉大学】,['生产建设']
第一次提出新民主主义革命的科学概念和总路线基本内容的文章是（    ）。,['《中国革命和中国共产党》']
共产党领导下的抗日民主根据地是（    ）性质的政权。,['抗日民族统一战线']
中国共产党成立的思想基础是（    ）。【出题：武汉大学】,['马克思主义的传播']
戴季陶主义的出现，是以蒋介石为首的（    ）抬头的信号【出题：武汉大学】,['国民党新右派势力']
下列以宣传马克思主义为主的报刊杂志是（    ）。【出题：武汉大学】,['《每周评论》']
何雪松曾代表全体难友赞颂（    ）道：“你是丹娘的化身，你是苏菲娅的精灵，不，你就是你，你是中华儿女革命的典型。”这首诗在渣滓洞牢房里被传诵一时。【出题：武汉大学】,['江竹筠']
“五四运动”以后，山东成立了早期的共产主义小组，成为全国建党最早的省份之一。1921年，代表山东共产主义小组参加中国共产党第一次全国代表大会的是（    ）。【出题：武汉大学】,"['王尽美', '邓恩铭']"
抗日战争时期，按“三三制”原则组成的边区政府，其成员包括（    ）。【出题：武汉大学】,"['代表开明绅士和中等资产阶级的中间派', '代表小资产阶级的非党左派进步分子', '代表工人阶级和贫农的共产党员']"
中国无产阶级独特的优点主要包括（    ）。【出题：武汉大学】,"['坚决的斗争性和彻底的革命性', '出身于破产的农民，便于和农民结成亲密的联盟', '分布集中']"
土地革命时期，在就义前仍在狱中写下《可爱的中国》《狱中纪实》等，抒发对祖国深沉的爱国主义情怀和对共产主义的坚定信念的共产党员是（    ）。【出题：武汉大学】,['方志敏']
（    ）是近代以来中国反抗外敌入侵第一次取得完全胜利的民族解放战争。,['抗日战争']
1955年4月，周恩来总理率领中国政府代表出席万隆会议，并提出了（    ）。,['求同存异的方针']
1935年，中国共产党发表了著名的八一宣言，提出了（    ）的口号。,['停止内战，一致抗日']
1936年8月初开始，日本指使傀儡军政府先后出兵进攻绥东和绥北。国民党军队击溃日、伪军进犯，并收复百灵庙和大庙等地。毛泽东、朱德致电该部队指挥官。对于他“孤军抗日，迭获胜利”表示祝贺和声援，该国民党部队指挥官是（    ）。【出题：武汉大学】,['傅作义']
中共中央提出的对国内各界及相互关系的基本政策是：发展进步势力，争取中间势力，孤立顽固势力。其中，顽固势力的代表是（    ）。【出题：武汉大学】,['压迫人民的大地主大资产阶级']
1929年9月，朱德曾诙谐地说：“朱毛红军，朱毛红军，朱（猪）离不开毛，毛离不开朱（猪），朱（猪）离开毛就过不了冬。”该段话语反映了什么时期的状况？【出题：武汉大学】,['井冈山会师后']
下列属于聂荣臻同志在北伐时期对军队政治工作提出的重要思想原则的文章是（    ）。【出题：武汉大学】,['《军队中政治工作的意义》']
中国共产党在新民主主义革命中战胜敌人的三大法宝是（    ）。 【出题：武汉大学】,"['党的建设', '武装斗争', '统一战线']"
1935年1月召开的（    ），成为党的历史上一个生死攸关的转折点。,['遵义会议']
较之南昌起义，1927年湘赣边界秋收起义最明显的特征是（    ）。,['不再用国民革命军的名义，而公开打出了工农革命军的旗帜']
1939年1月16日，为了领导国统区以及日占区的党的工作，根据中共六届六中全会的决定，在重庆成立中共中央南方局。南方局成立时，担任书记的是（    ）。【出题：武汉大学】,['周恩来']
1920年8月，在上海共产党组织领导下，成立了（    ）。【出题：武汉大学】,['社会主义青年团']
五卅运动的导火线是（    ）。【出题：武汉大学】,['日本大班率领打手向工人开枪杀害中国同胞   ']
党的一大通过的（    ）对开展工人运动的组织和宣传工作，作了具体规定。【出题：武汉大学】,['《关于当前实际工作的决议》']
1926年，广东革命政府北伐的主要对象是（    ）。①吴佩孚②孙传芳③张作霖④陈炯明  【出题：武汉大学】,['①②③']
（    ），标志着马克思主义在中国进入比较系统的传播阶段。【出题：武汉大学】,['李大钊发表《我的马克思主义观》']
毛泽东在《发刊词》一文中总结的中国革命的三大法宝是（    ）。【出题：武汉大学】,"['武装斗争', '党的建设', '统一战线']"
解放战争末期，中共中央通过组织（    ）三大战役，基本上消灭了国民党的主力部队，使得国共力量对比发生彻底性反转。,"['辽沈', '淮海', '平津']"
“自从有了中国共产党，中国革命的面目就焕然一新了”。这里的“新”主要体现在（   ）。【出题：武汉大学】,"['提出了新的革命理念', '促成了新的革命高潮', '制定了新的革命纲领', '采取了新的革命方式']"
"大革命失败后,在国民党的统治下，白色恐怖笼罩着全国城乡，中国革命转入低潮。在严峻的考验面前，中国共产党人表现了坚定的革命立场和大无畏的英雄气槪，独立举起反帝反封建的革命旗帜，中国革命由此发展到了一个新的阶段。由大革命失败到土地革命战争兴起的历史转折点是（    ）。【出题：武汉大学】",['八七会议']
历史上著名的三湾改编是由（    ）领导的。【出题：武汉大学】,['毛泽东']
1928年10月召开的湘赣边界党的第二次代表大会上，毛泽东起草的决议（    ）初步回答了“红旗到底打得多久”的问题。,['《中国的红色政权为什么能够存在》']
（    ）的发表，不但表明李大钊完成从民主主义者向马克思主义者的转变，而且标志着马克思主义在中国进入比较系统的传播阶段。,['《我的马克思主义观》']
抗日民族统一战线初步形成的标志是（    ）。【出题：武汉大学】,['西安事变的和平解决']
解放战争时期，人民解放军进行战略决战的三大战役是（    ）。【出题：武汉大学】,"['辽沈战役', '淮海战役', '平津战役']"
1947年3月至6月，解放军经过四个月的内线作战，努力打退国民党军的重点进攻，并开始局部反攻的地区是（    ）。,"['冀东', '豫南', '热河', '东北']"
三一八惨案发生的时间是（    ）。【出题：武汉大学】,['1926年3月']
中国第一个共产党早期组织的创建地在（    ）。,['上海']
北伐战争时期工人运动发展的最高峰是（    ）。【出题：武汉大学】,['上海工人第三次武装起义']
北伐战争的直接打击目标是北洋军阀，北洋军阀的致命弱点是（    ）。,['北洋军阀内部四分五裂，人民对其深恶痛绝']
1947年5月，在南京，五千余名学生冲破宪警阻拦，高举“京沪苏杭十六专科以上学校学生挽救教育危机联合大游行”的旗帜走上街头，呼喊“反饥饿”“反内战”的口号。同一天，在北平，七千余名学生高举“华北学生北平区反饥饿反内战大游行”的横幅走上街头。这就是（    ）。,['五二〇运动']
1937年，日本侵略军攻陷中国首都，在那里屠杀中国同胞30万人以上的事件是：（    ）。【出题：武汉大学】,['南京大屠杀']
1933年9月21日黎明，（    ）在雨花台下高呼“打倒国民党！”“中国共产党万岁！”口号，为共产主义事业英勇地献出了自己的宝贵的生命。【出题：武汉大学】,['邓中夏']
解放战争后期，中国共产党领导人民军队先后发动三大战役，一举摧毁了国民党赖以维持其反动统治的主要军事力量，三大战役中最先发动的是：（    ）。【出题：武汉大学】,['辽沈战役']
国民革命时期国民党大体上是代表（    ）和（    ）的政党。,"['民族资产阶级', '城市小资产阶级']"
参与1945年重庆谈判中国共产党方面的代表有（    ）。,"['毛泽东', '王若飞', '周恩来']"
中国首届“感动中国十大人物”评选是（  ）年。,['2002']
党的一大确立的党的中心任务是（    ）。【出题：武汉大学】,['领导工人运动']
具有中国特点的民主革命道路理论是（    ）。【出题：武汉大学】,['农村包围城市，武装夺取政权理论']
2020年9月3日是中国人民抗日战争胜利75周年纪念日。牢记历史，珍爱和平，抗战精神将化为永恒，激励着无数中华儿女奋勇向前，为实现中国梦而奋斗。下列属于抗战精神的有（    ）。【出题：武汉大学】,"['视死如归、宁死不屈的民族气节', '天下兴亡、匹夫有责的爱国情怀', '百折不挠、坚忍不拔的必胜信念', '不畏强暴、血战到底的英雄气概']"
中国共产党早期组织的活动有（    ）。【出题：武汉大学】,"['进行关于建党问题的讨论和实际组织工作', '研究和宣传马克思主义', '到工人中去进行宣传和组织工作']"
中国早期信仰马克思主义的人物，原中国同盟会会员、辛亥革命时期的活动家，其代表是（    ）。【出题：武汉大学】,['董必武\t']
1946年8月，毛泽东在同美国记者安娜·路易斯·斯特朗的谈话中提出了（    ）。【出题：武汉大学】,['“真正强大的力量不是属于反动派，而是属于人民”']
抗战时期，中国共产党的土地政策是（    ）。【出题：武汉大学】,['减租减息']
“怒潮澎湃，党旗飞舞，这是革命的黄埔……”这首校歌所传颂的军校创建于（    ）。【出题：武汉大学】,['国民革命时期  ']
第一次国共合作正式形成的标志是：（    ）。【出题：武汉大学】,['国民党一大的召开']
（    ）是中国共产党领导抗日战争的纲领性文件。,['《论持久战》']
新民主主义革命的实质是（    ）。【出题：武汉大学】,['中国共产党领导下的农民革命']
习近平总书记指出，中国共产党人是孙中山先生革命事业最坚定的支持者、最忠诚的合作者、最忠实的继承者。下列史实能说明这一观点的是（   ）。【出题：武汉大学】,"['取得新民主主义革命胜利', '黄埔军校的创建', '北伐战争']"
中国共产党第六次全国代表大会存在的主要不足是？【出题：武汉大学】,"['片面强调党员干部阶级成分，对其实际工作能力重视不足', '继续把城市工作放在首位，没有认识到农村根据地的作用', '继续把民族资产阶级看作革命的敌人']"
中国抗日战争取得胜利的决定性因素是（    ）。,"['中国人民巨大的民族觉醒', '中国人民空前的民族团结', '中国人民英勇的民族抗争']"
曾参与南昌起义和广州起义，并在牺牲前留下感人诗篇“浪迹江湖忆旧游，故人生死各千秋。已摈忧患寻常事，留得豪情作楚囚”的中国共产党员是（    ）。【出题：武汉大学】,['恽代英']
1935年12月，毛泽东所作的（    ）的报告，阐明了抗日民族统一战线的新政策，系统地说明了党的政治策略上的诸问题。【出题：武汉大学】,['《论反对日本帝国主义的策略》']
《什么叫社会主义？》的作者是（    ）。【出题：武汉大学】,['李达']
1947年解放军开始战略反攻时，国民党军队正在实施的战略是（    ）。,['重点进攻山东和陕北解放区']
1947年9月，中国共产党颁布了（    ），开始实行平分土地的“耕者有其田”政策。到1949年上半年，在东北、华北、西北以及华东的山东、苏北等老解放区及其包围的小块新区中，土地已基本平均分配，近1亿农民获得了土地。,['《中国土地法大纲》']
党的一大确定党的性质是（    ）政党。,['无产阶级']
宁都起义是党领导的一次非常成功的、重要的武装起义，它有力地打击了国民党蒋介石反对共产党的政策，给中国工农红军增加了一支新的力量，对巩固和发展中央革命根据地起了重要作用，此次事件发生的时间是（    ）。【出题：武汉大学】,['1931年12月']
下列属于第一次全国劳动大会通过的10项决议案的是（    ）。【出题：武汉大学】,"['《罢工援助案》', '《惩戒工界虎伥案》', '《全国总工会组织原则案》']"
1966年，被誉为“县委书记的榜样”的是（    ）。,['焦裕禄']
率领抗联小分队袭击鹤立梧桐河伪警察所时受伤被俘，后被残忍杀害的东北抗日名将是（    ）。【出题：武汉大学】,['赵尚志']
在创建井冈山革命根据地的过程中，率领南昌起义军余部的是（    ）。【出题：武汉大学】,['朱德、陈毅']
中共三大就国共合作问题决定（    ）。【出题：武汉大学】,['共产党员以个人身份加入国民党']
中国人民志愿军抗美援朝纪念日是1950年（    ）。【出题：武汉大学】,['10月25日']
1927年，一声枪响开始了中国共产党武装反抗国民党反动统治、独立领导武装斗争。与上述内容相关的历史事件是（    ）。【出题：武汉大学】,['南昌起义']
为了批评关于抗战的错误思想，毛泽东在1938年5月，集中全党智慧写出了（    ）？【出题：武汉大学】,"['《抗日游击战争的战略问题》', '《论持久战》']"
延安整风运动的中心内容是（    ）。【出题：武汉大学】,['反对主观主义以整顿学风']
1937年中共中央在延安召开的党的全国代表大会上，毛泽东在报告中指出（    ）已经上升为主要矛盾。,['中日矛盾']
人民军队的唯一宗旨是（    ）。【出题：武汉大学】,['全心全意为人民服务']
九一八事变后，逐渐上升为主要矛盾的是（    ）。【出题：武汉大学】,['中日两国的民族矛盾']
“没有调查，就没有发言权”是毛泽东在（    ）一文中提出的。【出题：武汉大学】,['《反对本本主义》']
中国工人运动第一次高潮起点的标志是（    ）。【出题：武汉大学】,['香港海员罢工']
毛泽东在谈及学生时代喜爱阅读的一份出版物时说：“我很欣赏胡适和陈独秀写的文章，他们一度成为我效仿的榜样，取代了我已不再崇拜的梁启超和康有为。”这份出版物应该是（    ）。【出题：武汉大学】,['《新青年》']
日本通过对中国实行经济掠夺，以保证其侵略的可持续性，为了扩大其掠夺的范围，1938年4月，日军成立了机构（    ）以对华实施经济掠夺。【出题：武汉大学】,"['华北开发株式会社', '华中振兴株式会社']"
在大革命失败的危急关头，党的八七会议确定的总方针是（    ）。【出题：武汉大学】,['土地革命和武装反抗国民党反动统治']
毛泽东认为，推动社会主义社会向前发展的动力是（    ）。,['社会主义社会的矛盾']
成为党探索中国社会主义建设道路良好开端的文章，是毛泽东发表的（    ）。,['《论十大关系》']
1945年抗战胜利后，为了争取国内和平，揭露蒋介石的内战阴谋，中国共产党同国民党进行了（    ）。【出题：武汉大学】,['重庆谈判']
“断头今日意如何？创业艰难百战多。此去泉台招旧部，旌旗十万斩阎罗。”一诗的作者是（    ）。【出题：武汉大学】,['陈毅']
毛泽东进一步把新民主主义的政治、经济和文化与党的基本纲领联系起来，进行了具体阐述的文章是（    ）。【出题：武汉大学】,['《论联合政府》']
“边界的红旗子始终不倒，不但代表了共产党的力量，而且表示了统治阶级的破产，在全国政治上有重大的意义”是毛泽东在（    ）中关于农村革命根据地的重要论述。【出题：武汉大学】,['《井冈山的斗争》']
标志着中国共产党在政治上开始走向成熟的会议是（    ）。【出题：武汉大学】,['遵义会议\t']
毛泽东思想活的灵魂是（    ）。【出题：武汉大学】,"['独立自主', '群众路线', '实事求是']"
毛泽东在《关于正确处理人民内部矛盾的问题》中指出，我们国家政治生活的主题是（    ）。,['正确处理人民内部矛盾']
在中国共产党领导下，最早由民众在大城市建立的革命政权是（    ）。【出题：武汉大学】,['上海临时政府']
2008年，北京奥运会主火炬手是（  ）。,['李宁']
（    ）标志着马克思主义中国化，即毛泽东思想的初步形成。,['农村包围城市、武装夺取政权理论的提出']
1940年至1943年，根据地出现严重经济困难。毛泽东提出“发展生产，保障供给”的经济财政工作总方针，号召军民开展“自己动手，丰衣足食”的（    ）。,['大生产运动']
（    ）是中国共产党人及其领导的人民军队革命风范的生动反映，是中华民族自强不息的民族品格的集中展示，是以爱国主义为核心的民族精神的最高体现。,['长征精神']
“钟山风雨起苍黄，百万雄师过大江。虎踞龙盘今胜昔，天翻地覆慨而慷。宜将剩勇追穷寇，不可沽名学霸王。天若有情天亦老，人间正道是沧桑。”这是毛泽东在（    ）时期写的。,['解放战争']
2020年9月3日，习近平总书记在纪念中国人民抗日战争暨世界反法西斯战争胜利75周年座谈会上的讲话中指出，中国人民抗日战争胜利（    ）。,"['是以爱国主义为核心的民族精神的伟大胜利', '是全民族众志成城奋勇抗战的伟大胜利', '是中国共产党发挥中流砥柱作用的伟大胜利', '是中国人民同反法西斯同盟国以及各国人民并肩战斗的伟大胜利']"
农村革命根据地能够在中国存在和发展的根本原因是（    ）。【出题：武汉大学】,['近代中国是一个政治、经济、文化发展极不平衡的半殖民地半封建的大国']
1947年10月10日，中国人民解放军总部发表宣言提岀的口号是：（    ）。【出题：武汉大学】,['打倒蒋介石，解放全中国']
认清和解决革命问题的基本依据是（    ）。【出题：武汉大学】,['认清国情']
“胶州亡矣！山东亡矣！国不国矣！”在中国历史的紧要关头，五四爱国运动像火山一样爆发了。全国各地人民闻风而动，走在运动最前列的是（    ）。【出题：武汉大学】,['爱国学生']
达州历来被称为革命老区，当年红军长征途中活动于该地区并建立了川陕革命根据地的是（    ）。【出题：武汉大学】,['红四方面军']
抗日民族统一战线形成后，中共中央提出的对国内各阶级相互关系的基本政策中“争取中间势力”，主要是争取（    ）这三部分人。,"['地方实力派', '开明绅士', '中等资产阶级']"
1946年8月，毛泽东在同美国记者安娜·路易斯斯特朗的谈话中提出了：（    ）。【出题：武汉大学】,['“一切反动派都是纸老虎”\u2002']
1931年，中华苏维埃第一次全国代表大会在（    ）举行。,['瑞金']
1919年7月发表《多研究些问题，少谈些主义》文章的资产阶级改良主义的代表是（    ）。,['胡适']
毛泽东所写的“金沙水拍云崖暖，大渡桥横铁索寒。更喜岷山千里雪，三军过后尽开颜。”体现的是中国工农红军的（    ）。,['长征']
按“三三制”原则建立的政权，巩固和发展了抗日民族统一战线，最主要的依据是（    ）。,['调动了一切反日阶级、阶层的积极性']
在20世纪30年代前期、中期，中国共产党内屡次出现严重的“左”倾错误，其原因是多方面的，主要的原因在于（    ）。【出题：武汉大学】,['党不善于把马克思列宁主义与中国实际全面地、正确地结合起来']
1937年，冼星海在家书中写道：“六年前的三千万流民的印象，当我还没有忘记的时候，如今又遭到更大的浩劫。”“六年前的三千万流民”产生的起因是（    ）。【出题：武汉大学】,['九一八事变']
1925年11月，李大钊在（    ）主持召开西北农工兵大同盟成立大会。农工兵大同盟的成立，是党的联合战线政策和民族政策的一大成功，对西北、内蒙古地区的民主革命运动起了很大推动作用。【出题：武汉大学】,['张家口  ']
下列有关北伐战争的表述，正确的是（    ）。【出题：武汉大学】,"['以“打倒列强、除军阀，统一全中国”为目标', '以孙中山提出的新三民主义为政治基础', '体现了“联俄、联共、扶助农工”三大政策']"
毛泽东指出:“领导的阶级和政党，要实现自己对于被领导的阶级、阶层、政党和人民团体的领导，必须具备两个条件。”这两个条件是（    ）。【出题：武汉大学】,"['对被领导者给以物质福利，至少不损害其利益，同时对被领导者给以政治教育', '率领被领导者(同盟者)向着共同敌人作坚决的斗争，并取得胜利']"
毛泽东专门为其题字：“生的伟大，死的光荣”，她也是唯一三代领导人均为其题字的英雄，她是（    ）。【出题：武汉大学】,['刘胡兰             ']
第一次明确提出坚持无产阶级领导权和农民同盟军思想并宣示将党的工作从“宣传时期“进到”行动时期“的会议是（    ）。【出题：武汉大学】,['党的四大']
中国共产党的第一部党章是（    ）制定的。,['党的二大']
毛泽东在1927年党的八七会议上提出的著名论断是（    ）。【出题：武汉大学】,['须知政权是由枪杆子中取得的']
1920年七八月间，在共产国际第二次代表大会上，列宁提出（    ），系统地阐述了关于民族和殖民地问题的理论，对中国革命具有重要的指导意义。【出题：武汉大学】,['《民族和殖民地问题提纲初稿》']
1930年2月到1931年7月，红一方面军连续粉碎国民党军队三次“围剿”贯彻的积极防御方针是（    ）。,"['打其虚弱', '诱敌深入', '避敌主力']"
标志着中国新民主主义革命开端的历史事件是：（    ）。【出题：武汉大学】,['五四运动']
（    ）是党和人民军队建军史上的重要里程碑，解决了在农村环境中，在农民为主要成分的情况下，如何从加强思想建设着手，保持党的无产阶级先锋队性质和建设无产阶级领导的新型人民军队的问题。,['瓦窑堡会议']
1948年12月12日，中央军委明确提出（    ）战役后举行渡江作战向全国进军的战略设想。,['淮海']
有一段发言是这样写的：“我以无可言状的悲怆追忆那血腥的风雨，我以颤抖的手抚摸那30万亡灵的冤魂，我以赤子之心刻下这苦难民族的伤痛。我祈求，古老民族的觉醒，精神的觉醒。”这段发言应放置在哪个纪念馆门前？【出题：武汉大学】,['侵华日军南京大屠杀遇难同胞纪念馆']
曾参加长征的萧华将军在《长征组歌》中写到：“雪皑皑，野茫茫，高原寒，炊断粮。红军都是钢铁汉，千锤百炼不怕难……风雨侵衣骨更硬，野菜充饥志越坚。官兵一致同甘苦，革命理想高于天”。诗歌突出体现的长征精神是（    ）。【出题：武汉大学】,"['不怕任何艰难险阻、不惜付出一切牺牲', '坚定的革命的理想和信念', '与人民群众生死相依、患难与共、艰苦奋斗']"
大革命从兴起到失败给中国共产党哪些经验与教训？【出题：武汉大学】,"['必须保证工人队伍的纯洁性，防止工贼破坏革命', '在建设广泛的革命统一战线的同时还要注重自己的独立性', '坚持武装斗争，组建由共产党直接统率和指挥的军队']"
我国开放中的“走出去”战略要解决的主要问题是我国经济发展中的（    ）。【出题：武汉大学】,['开拓市场的问题']
在击退国民党第一次反共高潮后，毛泽东先后写了多篇著作来总结经验，阐述了党在抗日民族统一战线中的策略方针及各项基本政策。其中，党的统一战线政策的根本指导原则是（    ）。【出题：武汉大学】,['又联合又斗争，以斗争求团结']
1944年9月8日，毛泽东参加张思德的追悼会，发表了题为（    ）的著名演讲。,['《为人民服务》']
党的七届二中全会后，1949年3月23日上午，毛泽东率领中共中央机关离开中国革命的最后一个农村指挥所（    ），向北平进发。临行前，毛泽东对周恩来说：“今天是进京的日子，进京‘赶考’去。”,['西柏坡']
（    ）成为时局转换的枢纽，自此之后，内战基本停止。【出题：武汉大学】,['西安事变和平解决']
1927年南昌起义的历史意义主要有（    ）。【出题：武汉大学】,"['是中共独立领导武装斗争的开始', '是中共创建革命军队的开始', '是中共独立武装夺取政权的开始']"
爱国主义是中华民族精神的核心。近代史上“外争主权，内除国贼”、“誓死力争，还我青岛”等爱国口号出现于（    ）。【出题：武汉大学】,['五四运动']
红军长征途中，红军总参谋长（    ）同大凉山彝族地区彝族首领小叶丹歃血为盟，实现了民族团结，使红军顺利通过整个地区。【出题：武汉大学】,['刘伯承']
建设新型人民军队的基本前提是（    ）。【出题：武汉大学】,['坚持党对军队的绝对领导']
毛泽东曾形象地指出：“长征是历史上的第一次，长征是（    ）。”【出题：武汉大学】,"['播种机', '宣言书', '宣传队']"
毛泽东思想的活的灵魂，是贯穿于毛泽东思想各个部分的立场、观点和方法，它的基本方面是（    ）。【出题：武汉大学】,"['实事求是', '群众路线', '独立自主']"
陕甘宁边区抗日民主政府在工作人员分配上实行（    ）。,['三三制']
1935年，中央红军长征即将胜利之际，毛泽东诗兴大发，欣然写下“（    ）”。【出题：武汉大学】,['更喜岷山千里雪，三军过后尽开颜']
（    ）是贯串于毛泽东思想科学体系各个组成部分的立场、观点和方法。,"['独立自主', '群众路线', '实事求是']"
中国共产党要领导革命取得胜利，必须不断加强党的建设。建设的主要内容包括（    ）。【出题：武汉大学】,"['组织建设', '作风建设', '思想建设']"
中国共产党第七次全国代表大会完成了（    ）这三个历史性任务。,"['选举产生了新的中央委员会', '通过新党章', '党的路线']"
1946年，由国民党政府主持召集的政治协商会议的中心议题是（    ）。【出题：武汉大学】,['政治民主化和军队国家化的问题']
在党的八七会议上，提出“以后要非常注意军事，须知政权是由枪杆子中取得的。”这一著名论断的是（    ）。【出题：武汉大学】,['毛泽东']
《中国革命与中国共产党》一文中提到：“在敌人长期占领的反动的黑暗的城市和反动的黑暗的农村中进行共产党的宣传工作和组织工作，不能采取急性病的冒险主义方针……”为党在敌占区的工作提供了指导。该文的作者是（    ）。【出题：武汉大学】,['毛泽东']
在党的七届二中全会后，1949年3月25日，中共中央及其所属机构迁往（    ）。【出题：武汉大学】,['北平']
二战期间，美国总统罗斯福曾说：“假如没有中国，假如中国被打垮了，你想一想，有多少师团的日本兵可以因此调到其他方面来作战。”材料反映了（    ）。【出题：武汉大学】,['中国是世界反法西斯战争的重要力量']
1926年9月，毛泽东发表（    ）一文，指出农民问题是国民革命的中心问题，宗法封建的地主阶级特权，要靠“农民从乡村中奋起打倒”。【出题：武汉大学】,['《国民革命与农民运动》']
新民主主义革命时期形成的土地革命路线的内容包括（    ）。【出题：武汉大学】,"['依靠贫雇农', '有步骤，有分别地消灭封建剥削制度', '团结中农', '发展农业生产']"
1935年遵义会议后，重归中共中央军事指挥层的是（    ）。,['毛泽东']
中国近现代史上，中国在反抗外敌入侵中，第一次取得完全胜利的民族解放战争是（    ）。【出题：武汉大学】,['中国人民抗日战争  ']
抗战战略相持阶段，中国共产党始终坚持以（    ）三大政治口号为核心巩固全国抗战统一战线。【出题：武汉大学】,"['“坚持团结、反对分裂”', '“坚持进步、反对倒退”', '“坚持抗战、反对投降”']"
1956年，毛泽东先后在中共中央政治局扩大会议和最高国务会议上作的《论十大关系》报告中指出“最近苏联方面暴露了他们在建设社会主义过程中的一些缺点和错误，他们走过的弯路你还想走？过去，我们就是鉴于他们的经验教训，少走了一些弯路，现在当然更要引以为戒”，这表明以毛泽东为主要代表的中共党员（    ）。,['开始探索自己的社会主义建设道路']
1942年5月，八路军副参谋长（    ）在指挥八路军总部进行反“扫荡”战斗时，不幸中弹，壮烈殉国。【出题：武汉大学】,['左权']
毛泽东于1946年10月评价（    ）说：“你就是中国的炮兵元帅。”【出题：武汉大学】,['朱瑞               ']
1945年4月，出席联合国制宪会议中国代表团中的解放区代表是（    ）。,['董必武']
下列说明五四运动是中国新民主主义革命开端的是（    ）。,"['无产阶级以独立姿态登上政治舞台', '是彻底的反帝反封建的革命运动', '具有初步共产主义思想的知识分子起了领导作用']"
1937年2月，中共中央致电国民党三中全会提出了五项要求，包括以下（    ）。【出题：武汉大学】,"['改善人民生活', '迅速完成对日作战之一切准备', '停止内战，集中国力，一致对外']"
自2002年到2012年的十年间，我国经济总体从世界第（  ）位，跃升到第（  ）位。,"['6,2']"
“一战”中，中国在日本的极力怂恿下，加入了协约国一方。因此，战后中国被邀请参加了巴黎和会。中国在巴黎和会中的外交失败引发了“五四”爱国运动。这里的“外交失败”是指（    ）。【出题：武汉大学】,['中国提出收回德国在山东的主权遭到拒绝']
关于党的二大的叙述不正确的是（    ）【出题：武汉大学】,['提出党在新民主主义革命时期的任务是打倒军阀，推翻帝国主义，建立真正的民主共和国和最终实现共产主义的目标']
1938年9月29日，新四军将领（    ）创立《拂晓报》。【出题：武汉大学】,['彭雪枫']
为了使北平这座举世闻名的故都免遭破坏，解放军在围城后，派出代表同（    ）接触，迫使其顺应人民的意愿，同意所属部队出城接受党的改编。由此，解放军进入北平，北平和平解放。,['傅作义']
1928年4月，毛泽东规定部队必须执行三大纪律、六项注意。其中三大纪律是？【出题：武汉大学】,"['打土豪要归公', '不拿工人农民一点东西', '行动听指挥']"
解放战争初期，为了工作的有力展开，1947年3月29日，中共中央在清涧县枣林沟村举行政治局会议，决定分出一部分同志去华北，组成中央工作委员会，以下哪些领导人在这一时期前往华北负责中央工作委员会之工作？【出题：武汉大学】,"['朱德', '刘少奇']"
在中国工农红军高级指挥员、国民党军第26路军参谋长、中共地下党员（    ）和重要将领董振堂、黄中岳等以及中共秘密特别支部的领导下，宁都起义爆发，是党领导的一次非常成功的、重要的武装起义，它壮大了红军力量，在国民党军队中引起很大震动。【出题：武汉大学】,['赵博生']
1948年8月7日至19日，在中国民主历程中具有重要意义的华北临时人民代表大会在石家庄人民礼堂隆重召开。9月20日至24日，华北人民政府委员会在石家庄召开全体会议，（    ）当选政府主席。【出题：武汉大学】,['董必武']
中国共产党在领导建立和巩固抗日民族统一战线的实践中，强调必须坚持的原则是（    ）。【出题：武汉大学】,['独立自主']
在1922年召开的党的二大上，中国共产党第一次明确提岀了（    ）。【出题：武汉大学】,['反帝反封建的民主革命纲领']
毛泽东发表《湖南农民运动考察报告》的时间是（    ）。【出题：武汉大学】,['1927年3月']
《论十大关系》是以毛泽东为主要代表的中国共产党人开始探索中国自己的社会主义建设道路的标志。在《论十大关系》中，毛泽东提出的中国社会主义建设的基本方针是（    ）。,['调动国内外一切积极因素为社会主义服务']
（    ）标志着中国资产阶级民主主义革命进入一个新的阶段。,['五四运动']
"在长征途中，红军进行下列行动的顺序是（    ）
①强渡大渡河       ②渡过金沙江       ③四渡赤水河
④飞夺泸定桥       ⑤爬雪山、过草地【出题：武汉大学】",['③②①④⑤']
（    ）通过的党章第一次明确规定以支部作为党的基本组织，强调党支部建设应当引起全党的高度重视。【出题：武汉大学】,['党的四大     ']
对1924年至1927年大革命性质的正确表述是（    ）。,['资产阶级领导的反帝反封建的资产阶级民主革命']
《中国国民党第一次全国代表大会宣言》对三民主义作出了适应时代潮流的新解释，其中民生主义以“（    ）”、“（    ）”为两大原则。,"['平均地权', '节制资本']"
马克思主义早期传播过程中持续了一年多的论争，从本质上说，是一次关于（    ）的论争。【出题：武汉大学】,"['需不需要建立无产阶级政党', '实行社会革命还是实行社会改良', '中国走社会主义道路还是走资本主义道路']"
新民主主义革命的最直接目标是建立（    ）。【出题：武汉大学】,['新民主主义共和国']
抗战胜利以后，内蒙古面临着反对新的民族分裂活动的严峻形势。中共中央对内蒙古工作及时研究，并派（    ）等同志到内蒙古领导开展斗争。在深入发动群众的基础上，团结大多数，说服一些人放弃“独立自治”的错误主张，粉碎了少数分裂分子企图把内蒙古从祖国分裂出去的阴谋。,['乌兰夫']
中国革命的主力军是（    ）。【出题：武汉大学】,['农民']
“铁岭绝岩，林木丛生，暴雨狂风，荒原水畔战马鸣。围火齐团结，普照满天红……”出自由李兆麟和战友们在远征海伦中写下的（    ）。【出题：武汉大学】,['《露营之歌》']
1924年国共合作的形成，加快了中国革命前进的步伐，1925年出现了全国范围的大革命髙潮。掀起这一大革命高潮的起点是（    ）。【出题：武汉大学】,['五卅运动']
近代中国社会的性质和主要矛盾，决定了近代中国革命的根本任务是（    ）。【出题：武汉大学】,"['变革阻碍生产力发展的生产关系', '推翻帝国主义、封建主义和官僚资本主义的统治', '从根本上推翻反动腐朽的政治上层建筑']"
党的二大在宣言中指出“中国三万万的农民，乃是革命中的最大要素。农民因为土地缺乏、人口稠密、天灾流行、战争和土匪的扰乱、军阀的额外征税和剥削、外国商品的压迫、生活成本的增高等原因，以至日趋穷困和痛苦。”这表明中国共产党（    ）。,['认识到农民阶级在民主革命中的重要地位']
中华苏维埃第一次全国代表大会选出了由63人组成的临时中央执行委员会，宣告了（    ）的成立。,['中华苏维埃共和国']
历史上有两次国共合作，标志国共第二次合作初步形成的事件是（    ）。,['西安事变和平解决']
中国共产党第六次全国代表大会对中国革命根本问题的回答是？【出题：武汉大学】,"['中国革命现阶段的性质是资产阶级民主革命', '党的总路线是争取群众', '党的中心工作是做艰苦的群众工作，积蓄力量']"
新民主主主义革命的开端是（    ）。,['五四运动']
从根本上摧毁中国封建制度根基的社会大变革是（    ）。,['土地改革']
陕甘宁边区的八路军第三五九旅发扬艰苦奋斗精神，将荒无人烟的（    ）改造成为“陕北江南”。【出题：武汉大学】,['南泥湾']
1945年，在抗战胜利结束后，为了防止继续内战，国共双方在重庆展开了谈判，最终双方签订《政府与中共代表会谈纪要》，该文件签订于（    ）。【出题：武汉大学】,['44115']
中国共产党第一个早期组织负责人（    ）。【出题：武汉大学】,['领导了五四爱国运动']
中央电视台热播的电视连续剧《彭德怀元帅》展示了彭德怀元帅波澜壮阔的革命生涯。下列战役属于他指挥的是（    ）。【出题：武汉大学】,['百团大战']
中共中央为了坚持、巩固和扩大抗日民族统一战线，制定了“发展进步势力，争取中间势力，孤立顽固势力”的策略总方针。其中，争取中间势力的条件有哪些？【出题：武汉大学】,"['共产党有充足的力量', '对顽固派作坚决的斗争，并能一步步取得胜利', '广泛的建立民主根据地']"
遵义会议以后，中国共产党中央决定组成三人军事指挥小组，全权负责军事指挥。这三人是（    ）。【出题：武汉大学】,"['周恩来', '王稼祥', '毛泽东']"
“任何外国政府，如果援助中国反动分子而反对中国人民的民主事业，那就将要犯下绝大的错误。”这段话出自毛泽东的（    ）。【出题：武汉大学】,[]
1930年6月15日，《中共中央关于执行新的中央路线问题给红四军前委的信》中，以毛泽东为书记的中共红四军前敌委员会明确提出了“（    ）是第一步，（    ）是第二步”的思想。【出题：武汉大学】,['农村工作、城市工作']
北伐战争推翻的北洋军阀有（    ）。【出题：武汉大学】,"['孙传芳', '吴佩孚']"
中国共产党成立后，中国革命面貌焕然一新。“新”的体现不包括（    ）。【出题：武汉大学】,['斗争形式:武装斗争']
（    ）指出：“在中国，主要的斗争形式是战争，而主要的组织形式是军队。”要求共产党员争取党的兵权和人民的兵权，不能犯幼稚病。【出题：武汉大学】,['毛泽东']
（    ）是中国共产党第一次独立领导并取得完全胜利的工人斗争。【出题：武汉大学】,['安源路矿工人罢工']
标志着中国共产党开始独立领导革命战争和创建人民军队的事件是（    ）。【出题：武汉大学】,['南昌起义']
中国共产党关于国共合作政策由党外合作到党内合作的转折点是（    ）。【出题：武汉大学】,['西湖会议  ']
1947年6月30日，（    ）率晋冀鲁豫野战军主力突破黄河天险，挺进大别山，揭开了人民解放战争战略进攻的序幕。【出题：武汉大学】,"['邓小平', '刘伯承']"
毛泽东说：“星星之火，可以燎原”。“星星之火”点燃是在（    ）。【出题：武汉大学】,['井冈山革命根据地  ']
新民主主义革命经济纲领的主要内容是（    ）。【出题：武汉大学】,"['保护民族工商业', '没收封建阶级的土地归农民所有', '没收官僚资产阶级的垄断资本归新民主主义的国家所有']"
下列不属于领导广州起义的人物是（    ）。【出题：武汉大学】,['彭湃']
为了巩固和扩大抗日民族统一战线，党中央制定和重申了各方面的具体政策。针对这些政策，下列选项中表述有误的是（    ）。【出题：武汉大学】,['关于人民权利，一切地主和资本家同工人、农民有同等的人权、财权、选举权']
抗战后期，国民党大溃败的战役是（    ）。,['豫湘桂战役']
1928年，时任红二十八团团长、为保卫和发展井冈山革命根据地作出了重大贡献的（    ）在追击叛徒时英勇牺牲。毛泽东曾评价他说：“他的牺牲，换回了两个连，稳定了红军，挽救了革命。”【出题：武汉大学】,['王尔琢']
“红船精神”的思想内涵首要是（    ）。,['首创精神']
1948年4月30日，中共中央发出纪念“五一”劳动节口号，号召巩固和扩大反对帝国主义、（    ）、官僚资本主义的统一战线，为打倒蒋介石、建立新中国而共同奋斗。,['封建主义']
董必武于1961年写了一首怀念战友的诗“四十年前会上逢，南湖泛舟语从容，济南名士知多少，君与恩铭不老松”。请问，董老诗中写的是（    ）。【出题：武汉大学】,['党的一大']
1922年初，中国共产党在《先驱》发刊词中提出，应把“努力研究中国的客观的实际情形，而求得一最合宜的实际的解决中国问题的方案”当作“第一任务”，这个“第一任务”是指（    ）。【出题：武汉大学】,['制定党的民主革命纲领 ']
毛泽东在《论反对日本帝国主义的策略》中指出，中国革命战争是持久战，（    ）规定了这个持久性。【出题：武汉大学】,['帝国主义的力量和革命发展的不平衡']
在抗日战争中，除了国内各民族一致对外之外，还有不少国际友人加入了中国一些地区的抗日救亡斗争，下列人物中，（    ）是来自朝鲜的抗日志士。【出题：武汉大学】,"['金日成', '崔庸健', '金策']"
下列关于中国共产党建党的叙述，正确的有（    ）。【出题：武汉大学】,"['第一个中国共产党早期组织成立于1920年', '在法国留学的中国先进分子，成立了共产党早期组织', '中共一大的召开，正式宣告中国共产党成立']"
1947年5月中旬，华东野战军在临沂以北山区的（    ）地区，经过鏖战，一举围歼被称为国民党军队“五大主力”之一的整编第74师等部3万余人，击毙中将师长张灵甫，给国民党军队以沉重打击。,['孟良崮']
在党的文件上首次明确提出要以生产力标准来评判一个政党的历史作用的会议是（    ）。【出题：武汉大学】,['党的七大']
击毙日军“名将之花”阿部规秀中将，极大鼓舞了抗日军民士气的战斗是（    ）。【出题：武汉大学】,['黄土岭伏击战']
周恩来曾说：“中国的新民主主义革命史，就是从天安门到天安门。”新民主主义革命的起点是（    ）。【出题：武汉大学】,['五四运动']
（  ），邓稼先被追授“两弹一星功勋奖章”。,['1999年']
千里跃进大别山的是由谁领导的部队？【出题：武汉大学】,"['刘伯承', '邓小平']"
在西安事变和平解决以后，中国共产党面临的主要任务是（    ）。【出题：武汉大学】,"['动员全党和全国人民巩固和平，争取民主', '早日实现全民族共同抗战']"
（    ）是上海早期党组织的创立者。【出题：武汉大学】,['陈独秀']
（    ），标志着中国新民主主义革命已经取得伟大胜利，标志着中国人民受奴役受压迫的半殖民地半封建时代已经过去，中国已成为一个新民主主义的国家。,['中华人民共和国的成立']
1925年5月爆发的（    ）引发了全国范围的大革命高潮。,['五卅运动']
在党的七大上作了《论联合政府》的政治报告的是（    ）。【出题：武汉大学】,['毛泽东   ']
泸顺起义的时间是（    ）。【出题：武汉大学】,['1926年12月']
1941年，中国共产党先后提出了巩固解放区的十大基本政策，其中心是（    ）。【出题：武汉大学】,"['开展大生产运动', '整风运动']"
中央红军长征途中翻越的第一座人迹罕至的大雪山是（    ）。,['夹金山']
在三大战役进行期间，中共中央的驻地是（    ）。【出题：武汉大学】,['西柏坡']
1941年5月至1945年4月的延安整风运动，是我党历史上第一次大规模的整风运动。延安整风运动的主要内容是（    ）。,"['反对宗派主义以整顿党风', '反对党八股以整顿文风', '反对主观主义以整顿学风']"
共产国际执委会给中共中央的五月紧急指示的要点是（    ）。【出题：武汉大学】,"['没收地主土地', '把农民协会变成乡村政权', '组织七万军队，其中包括两万共产党员', '改造国民党使工农分子大批参加进去']"
中国各民主党派形成时的社会基础，主要是（    ）以及同这些阶级相联系的知识分子和其他爱国分子。他们所联系和代表的不是单一阶级，而是这些阶级、阶层的人们在反帝爱国和争取民主的共同要求基础上的联合，是阶级联盟性质的政党。,"['城市小资产阶级', '民族资产阶级']"
毛泽东在《七律·长征》中写道：“红军不怕远征难，万水千山只等闲……”这首诗概括了长征的艰难，赞扬了红军无所畏惧的英雄气概。长征途中跳出敌人包围圈的是（    ）。【出题：武汉大学】,['巧渡金沙江']
党的三大正式决定（    ）。,['全体党员以个人身份加入国民党，同孙中山领导的国民党建立统一战线']
中共中央在1946年5月4日发布《关于土地问题的指示》（即“五四指示”），决定将抗日战争以来实行的减租减息政策，改变为实现“（    ）”的政策。,['耕者有其田']
（    ）是我们党走向成熟的重要标志。,['遵义会议']
陈毅曾评价她：“生为人民干部，死为革命英雄。临敌大节不辱，永记人民心中。”她被哈尔滨人民尊称为“白山黑水”民族魂，她就是（    ）。【出题：武汉大学】,['赵一曼']
被毛泽东、朱德誉为“共产党人的好榜样”，在豫东夏邑县八里庄战斗中牺牲的新四军师长是（    ）。【出题：武汉大学】,['彭雪枫']
抗战相持阶段，党果断回击国民党顽固派的军事进攻，其根本用意是（    ）。,['巩固并扩大抗日民族统一战线']
毛泽东同志指出：“谈判的结果，国民党承认了和平团结的方针。这样很好。国民党再发动内战，他们就在全国和全世界面前输了理，我们就更有理由采取自卫战争，粉碎他们的进攻。”这里的谈判指的是（    ）。,['重庆谈判']
对党的组织、思想、作风建设中的基本问题作出深刻论述的《共产党员的权利与义务》《略谈党与非党员群众的关系》等文章的作者是（    ）。【出题：武汉大学】,['张闻天']
延安整风运动的主要内容是反对主观主义以整顿学风、反对宗派主义以整顿党风、反对党八股以整顿文风。整风运动的重点是：（    ）。【出题：武汉大学】,['反对教条主义']
在抗日民族统一战线中，中国共产党坚持独立自主的原则，实行发展抗日进步力量，争取中间力量，孤立反共顽固势力的方针，对国民党实行（    ）的政策。,['又联合又斗争']
美国记者史沫特莱曾这样描述过中国抗战期间的一次战役：“整个华北地区……都成了战场。……100团人打击了敌人的整个经济、交通线和封锁网。”这次战役是（    ）。【出题：武汉大学】,['百团大战  ']
下列属于“三大纪律、八项注意”中的“八项注意”的是（    ）。【出题：武汉大学】,"['说话和气', '借东西要还', '损坏东西要赔']"
中国第一个传播马克思主义并主张向俄国十月革命学习的先进分子是（    ）。,['李大钊']
（）指出：“长征是历史记录上的第一次，长征是宣言书，长征是宣传队，长征是播种机。”【出题：武汉大学】,['毛泽东']
与董必武题诗“革命声传画舫中，诞生共党庆工农。重来正值清明节，烟雨迷濛访旧踪。”有关的事件是（    ）。【出题：武汉大学】,['中共一大']
1941年5月，毛泽东作了《改造我们的学习》的报告，整风运动首先在党的高级干部中进行。1942年2月，毛泽东先后作了《整顿党的作风》和《反对党八股》的讲演，整风运动在全党范围普遍展开。延安整风运动是一场伟大的思想解放运动，其中最主要的任务是：（    ）。【出题：武汉大学】,['反对主观主义以整顿学风']
1928年7月，湘鄂边的红四军在湖北公安与红六军会师，组成红军第二军团，总指挥是（    ）。【出题：武汉大学】,['贺龙']
在特定历史条件下成立的中国共产党具有的重要历史特点是（    ）。,"['在半殖民地半封建中国的工人运动的基础上产生', '给灾难深重的中国人民带来了光明和希望', '党接受的是没有被修正主义阉割的马克思主义的完整的科学世界观和社会革命论', '在半殖民地半封建社会的旧中国进行活动']"
在近代，决定中国革命对象的主要依据有（    ）。【出题：武汉大学】,"['近代中国社会的主要矛盾', '近代中国社会的性质']"
近代历史上，体现国共合作的事件有（    ）。【出题：武汉大学】,"['黄埔军校的创建', '北伐战争', '抗日战争']"
第一次全国劳动大会，接受了中国共产党提出的“（    ）”的政治口号。,"['打倒封建军阀', '打倒帝国主义']"
解放战争期间，把战争引向国民党统治区域，迫使敌人转入战略防御，改变敌我之间的攻防形势，将中国革命推向新的高潮的标志性事件是（    ）。【出题：武汉大学】,['刘邓大军挺进大别山']
（    ）是中国共产党从大革命失败走向土地革命战争的转折。,['八七会议']
解放战争时期，毛泽东说：“蒋介石两个拳头（指陕北和山东）这么一伸，他的胸膛就露出来了。所以，我们的战略就是要把这两个拳头紧紧拖住，对准他的胸膛插上一刀。”这里说的“插上一刀”指的是（    ）。【出题：武汉大学】,['千里跃进大别山\t']
下列人物中，属于“狼牙山五壮士”的人是？【出题：武汉大学】,"['马宝玉', '胡福才', '胡德林']"
中国共产党以改造中国为己任，为争取民族独立和人民解放，为实现（    ）和（    ）的理想，开始了艰苦卓绝、不屈不挠的斗争历程。,"['共产主义', '社会主义']"
党的历史上第一个中央纪律检查监督机构——中央监察委员会选举产生于（    ）。【出题：武汉大学】,['党的五大   ']
新民主主义革命时期，党领导的统一战线积累了丰富的经验。其中最根本的经验就是（    ）。【出题：武汉大学】,['正确处理好与资产阶级的关系']
1928年11月，毛泽东在写给中共中央的报告中，分析了湘赣边界的割据和八月失败、割据地区现势、军事问题、土地问题、政权问题、党的组织问题、革命性质问题、割据地区问题等八个方面的问题，指出了革命隐患，总结了经验教训，对今后的态势及路线作出了规划及分析，优化了党的组织结构，改善了革命队伍的精神面貌，为之后革命队伍的进一步建设打下了坚实的基础。这篇报告就是（   ）。【出题：武汉大学】,['《井冈山的斗争》']
1927年6月，以张太雷为书记的中共湖北省委明确提出（    ）等策略。【出题：武汉大学】,['武装农民“上山”和争取地方武装']
《论十大关系》是以毛泽东为主要代表的中国共产党人开始探索中国自己的社会主义建设道路的标志。毛泽东在《论十大关系》中提出的中国社会主义建设的基本方针是（    ）。,['调动国内外一切积极因素为社会主义事业服务']
下列最能体现五四运动性质的口号是：（    ）。【出题：武汉大学】,['“外争主权，内除国贼”']
1945年8月，中共中央在对时局的宣言中明确提出“（    ）”的口号。【出题：武汉大学】,['和平、民主、团结']
如果你准备参加“重走长征路”旅游活动，可以经过的地方有（    ）。【出题：武汉大学】,"['会宁', '瑞金', '吴起镇']"
遵义会议后，中共中央决定组成三人军事指挥领导小组，全权负责军事指挥，这三人是（   ）。【出题：武汉大学】,"['毛泽东', '王稼祥', '周恩来']"
抗日战争胜利后，国共双方举行了最高级别谈判，双方代表签署了《政府与中共代表会谈纪要》，这就是历史上著名的：（    ）。【出题：武汉大学】,['重庆谈判']
1945年10月23日，中共中央就内蒙古工作的基本方针问题向晋察冀中央局和晋绥分局发出指示，指出：对内蒙的基本方针，在目前是实行（    ）。,['区域自治']
中国曾爆发了一场“推翻军阀，统一中国”的革命战争，这场革命战争是（    ）【出题：武汉大学】,['北伐战争']
以下属于1923年前后共产党人对无产阶级在民主革命中的领导权问题进行的初步探讨文章是（    ）。【出题：武汉大学】,"['《自民治主义至社会主义》', '《外力，中流阶级与国民党》', '《论工人运动》']"
中国共产党人建立苏维埃政权的首次尝试出现在（    ）。,['广州起义']
（    ）通过的《组织问题决议案提纲》提出要“注意中心区域党的发展”，加紧“建立地方党部”，要注意发展党员队伍，努力做到党员职业化，“吸收广大的、积极的产业工人分子入党”。【出题：武汉大学】,['党的六大  ']
中国共产党在新民主主义革命时期的总路线反映了中国革命的基本规律，指明了（   ）。【出题：武汉大学】,"['中国革命的对象', '中国革命的领导力量', '中国革命的动力', '中国革命的依靠力量和发展前途']"
新民主主义革命的中心内容（    ）。,['没收地主阶级的土地归农民所有']
《为人民服务》是毛泽东同志在（    ）的追悼会上的讲话。【出题：武汉大学】,['张思德']
萧楚女是中国共产党早期青年运动领导人之一，是中国共产党优秀理论家、中国青年的良师益友、《中国青年杂志》的创始人之一，他遇难的背景是（    ）。【出题：武汉大学】,['“四一二”政变前后，蒋介石在各地制造反共惨案']
揭开人民解放战争全国性战略进攻序幕的是（    ）。,['刘邓大军挺进大别山']
据周恩来的侄女周秉德回忆：张学良问，联蒋抗日行吗？周恩来立刻答道，“可以，只要他放弃攘外必先安内，只要他能够同意合作共同抗日，我们就能跟他联合”。这历史场景出现在下列哪一事件中？【出题：武汉大学】,['西安事变']
1945年6月10日，毛泽东在党的七大的讲话中指出：“从中国革命最近将来的前途看，（    ）是特别重要的。如果我们把现有的一切根据地都丢了，但只要有了这一块根据地，那么中国革命就有了巩固的基础。”,['东北']
国共两党实现第一次合作的政治基础是（    ）、联共、扶助农工三大政策。,['联俄']
各地共产党早期组织成立以后，有计划有组织进行的活动是（    ）。,"['在工人中进行宣传和组织工作', '成立社会主义青年团', '同反马克思主义思潮展开论战', '研究和宣传马克思主义']"
《关于若干历史问题的决议》的通过与（    ）为党的七大的召开创造了充分条件。,['党的六届七中全会的召开']
1922年6月，（    ）同周恩来、赵世炎等18人一起组织了中国少年共产党并被选为少共中央执行委员会成员和宣传部长；1927年7月，他被捕9天后壮烈牺牲。【出题：武汉大学】,['陈延年']
宁、汉合流后，国民党实行一党专政，对共产党人和革命群众实行了野蛮屠杀，遇害的共产党人有（    ）。【出题：武汉大学】,"['向警予', '夏明翰', '萧楚女']"
中国共产党领导的中国工人运动第一个高潮中爆发的罢工斗争包括（    ）。,"['安源路矿工人大罢工', '京汉铁路工人大罢工', '香港海员大罢工']"
标志着日军全面侵华战争开始的事件是（    ）。【出题：武汉大学】,['七七事变']
“钟山风雨起苍黄，百万雄师过大江，虎踞龙盘今胜昔，天翻地覆慨而慷。”这是毛泽东同志为庆祝一次重要战役胜利而作，这次战役是（    ）。【出题：武汉大学】,['渡江战役']
毛泽东、朱德在总结经验的基础上概括出的游击战争的基本原则是：“敌进我退，（    ），敌疲我打，敌退我追。”【出题：武汉大学】,['敌驻我扰']
新文化运动的代表人物有（    ）。【出题：武汉大学】,"['胡适', '陈独秀', '李大钊', '鲁迅']"
毛泽东建军思想的核心是（    ）。【出题：武汉大学】,['坚持党对军队的绝对领导']
为了向全国人民公开阐明中国共产党在建立新中国问题上的主张，在中国共产党成立28周年的前夕，1949年6月30日，毛泽东发表了（    ）一文，明确指出需要工人阶级的领导。,['《论人民民主专政》']
以下（    ）不属于新政协一届全体会议通过的内容。,['《临时宪法》']
1945年4月至6月，中国共产党第七次全国代表大会在延安隆重召开。毛泽东在会上作了（    ）的政治报告。,['《论联合政府》']
以下哪些著作是由毛泽东完成的？【出题：武汉大学】,"['《愚公移山》', '《论联合政府》']"
毛泽东曾称赞他：“读了半本马列主义，红了半个中国”，他是（    ）。【出题：武汉大学】,['韦拔群']
下列不属于三大战役的是（    ）。【出题：武汉大学】,['渡江战役']
解放战争时期，国民党统治区以（    ）为主体，包括手工业者、自由职业者等各阶层民众，从自身生存环境的恶化中，对国民党失去了信任，他们形成了反对国民党的第二条战线。,"['青年学生', '知识分子']"
下列人物中出席了中国共产党第一次代表大会的是（    ）。,['尼克尔斯基']
第一次国民革命的历史意义不包括（    ）。【出题：武汉大学】,['是建设无产阶级领导的新型人民军队的重要开端']
二七惨案发生于下列哪次罢工运动（    ）。【出题：武汉大学】,['京汉铁路工人大罢工']
党领导工人运动的第一个公开机构是（    ）。【出题：武汉大学】,['中国劳动组合书记部']
20世纪40年代前期，中国共产党以延安为中心，在全党范围内开展了（    ），在全党范围内确立了一切从实际出发、理论联系实际、实事求是的马克思主义思想路线。,['整风运动']
《我的马克思主义观》的作者是（    ）。【出题：武汉大学】,['李大钊']
（    ）在临刑之前用筷子磨成竹签做笔，用棉花灰制成墨水，写下托孤的红色遗书，信里满载着她作为一名母亲，对儿子浓浓的思念之情。【出题：武汉大学】,['江竹筠']
“从某种意义上说，这二十几个人在这里开会，是为了正式确定长征的领导和方向的彻底改变，从更深远的意义上说，这是中国共产主义革命运动的领导和方向的彻底改变。”从材料可以推断出该会议是（    ）。【出题：武汉大学】,['遵义会议']
1921年7月23日，党的一大在上海召开，下列人物中，出席了此次会议的一大代表有（    ）。【出题：武汉大学】,"['王尽美', '张国焘', '李汉俊']"
在中国共产党成立以前，中国人民对外国侵略者和本国封建统治者进行了长时期的斗争。这些斗争有重大的意义，但存在的根本性弱点是（    ）。,"['没有认清革命的对象', '没有广泛地发动群众']"
在红军长征途中，中国共产党召开的、成为党的历史上生死攸关转折点的会议是（    ）。【出题：武汉大学】,['遵义会议']
中国共产党和中国以往任何政党的不同表现在（  ）。【出题：武汉大学】,"['指导思想', '阶级基础', '奋斗目标']"
1942年5月，八路军副参谋长在指挥八路军总部进行反“扫荡”战斗时，不幸中弹，壮烈殉国。他是（    ）。【出题：武汉大学】,['左权  ']
毛泽东在《井冈山的斗争》中指出：“红军的物质生活如此菲薄，战斗如此频繁，仍能维持不敝，除党的作用外，就是靠实行军队内的（    ）。”【出题：武汉大学】,['民主主义']
抗战期间，为了培养少数民族干部，中央在延安创办（    ），是党培养少数民族干部和研究少数民族问题的专门机构。【出题：武汉大学】,['民族学院']
抗日战争时期，中国共产党创建的第一块农村根据地是（    ）。,['晋察冀抗日根据地']
近代以来中国面临的争取民族独立、人民解放这个历史任务基本完成的标志性历史事件是（    ）。,['新中国的成立']
毛泽东在洛川会议后在给彭德怀的电报中说：“今日红军在决战问题上不起任何决定作用，而有一种自己的拿手好戏，在这种拿手戏中一定能起决定作用，这就是（    ）。”【出题：武汉大学】,['山地游击战']
重庆谈判的焦点问题是（    ）。,['人民军队和解放区的合法地位问题']
遵义会议的时间是（    ）。【出题：武汉大学】,['1935年1月']
下列有关党的二大的表述，错误的是（    ）。【出题：武汉大学】,['大会确定党的中心工作是领导和组织工人运动']
八七会议召开的地点是（    ）。【出题：武汉大学】,['汉口']
1940年3月，毛泽东在延安党的高级干部会议上作了《目前抗日统一战线中的策略问题》报告，提出（    ）的基本策略方针。,"['孤立顽固势力', '发展进步势力', '争取中间势力']"
全面内战爆发后的头几个月，中共中央所提出的口号是（    ）。【出题：武汉大学】,['“武装自卫”']
（    ）从组织上确立了党对军队的绝对领导，为建立一支无产阶级领导下的新型人民军队奠定了基础。,['三湾改编']
李大钊发表的颂扬十月社会主义革命的文章有（    ）。①《庶民的胜利》② 《青春》③ 《狂人日记》 ④ 《布尔什维主义的胜利》【出题：武汉大学】,['①④ ']
1921年7月，中国共产党第一次全国代表大会先后在哪里召开：（    ）。【出题：武汉大学】,['上海、嘉兴']
八七会议和遵义会议的相同点是（    ）。,"['在危急关头挽救了党', '毛泽东都参加了会议并提出了正确主张']"
毛泽东根据大革命失败的惨痛教训，在（    ）上的发言做出“以后要非常注意军事，须知政权是由枪杆子中取得的”这一科学论断。,['八七会议']
“我们大家要学习他毫无自私自利之心的精神。从这点出发，就可以变为大有利于人民的人。”文中的“他”是指（    ）。【出题：武汉大学】,['白求恩']
党的十五大指出，在当前（  ）和（  ）是必须要解决好的两大课题。,"['建立比较完善的社会主义市场经济体制', '保持国民经济持续快速健康发展']"
揭开中国新民主主义革命序幕的历史事件是（    ）。【出题：武汉大学】,['五四运动']
党的七大将（    ）确立为党的指导思想，并首次写入党章，是近代中国历史和人民革命斗争发展的必然选择。,['毛泽东思想']
在全国人民面前破天荒第一次提出了明确的反帝反封建的民主革命纲领是（    ）。,['中共二大']
毛泽东在《论持久战》中科学地预见到抗日战争将经过（    ）三个阶段。,"['战略反攻', '战略防御', '战略相持']"
1938年5月，陈毅率部途经安徽泾县，特意前往蚂蚁山为英烈祭扫陵墓，并写下碑文称这位英烈：“毕生为革命利益、民族利益牺牲到底，足为抗日战士楷模”。这位英烈就是红军中最年轻的军团长（    ）。【出题：武汉大学】,[' 寻淮洲             ']
1919年“问题”与“主义”之争，实际上是一次（    ）。【出题：武汉大学】,['中国需不需要马克思主义、需不需要革命的论争']
抗战结束后，为了加强党对国民党统治区工作的领导，1945年12月5日，中共中央决定恢复南方中央局（暂名重庆局），（    ）任书记，（    ）任副书记。,"['董必武', '王若飞']"
国民革命初期，一位共产党员就提出：“我们对于国民革命，即为了取得政权而参加的”，但“政权不是从天外飞到我们工人手中的，是要我们从实际政治斗争中去一点一滴的以至于全部的取得”，他是（    ）。【出题：武汉大学】,['邓中夏']
为了贯彻中共六届六中全会确定的“发展华中”的战略方针，中共中央决定成立中原局，（    ）从延安到达河南确山竹沟镇，正式建立中共中央中原局领导机关。【出题：武汉大学】,['刘少奇']
“你们的行为，使亲者痛，仇者快，你们做了日寇想做而做不到的事。”这句话中的“事”是指（    ）。【出题：武汉大学】,['皖南事变']
在中国共产党的早期历史中，有一位成员被毛泽东称为“农民运动大王”的是（    ）。【出题：武汉大学】,['彭湃']
中共中央第一次正式作出关于军事问题的决议是（    ）。【出题：武汉大学】,['《军事运动决议案》']
抗日战争中，国民党第二次反共高潮的起点是（    ）。【出题：武汉大学】,['何应钦，白崇禧致电朱德、彭德怀与叶挺，污蔑中国共产党与其武装力量']
1938年，毛泽东在党的扩大的六届六中全会上，明确提出“（    ）”的问题。,['马克思主义的中国化']
（    ）是三大战役中在战场兵力对比上敌占相对优势的情况下进行的一次战役。,['淮海']
为了彻底揭露蒋介石的“和谈”阴谋，1949年1月14日，毛泽东以中共中央主席的名义发表（    ），指出蒋介石的“和平”建议是虚伪的。【出题：武汉大学】,['《关于时局的声明》']
人民解放战争的战略反攻开始于（    ）。【出题：武汉大学】,['三路大军挺进中原']
1947年7月至9月，在（    ）主持下，中共中央工作委员会在河北平山县西柏坡召开全国土地会议，制定了《中国土地法大纲》。【出题：武汉大学】,['刘少奇']
中国反帝反封建的民主革命纲领是在（    ）正式制定的。【出题：武汉大学】,['党的二大']
毛泽东在党的（    ）上作报告时，提出了“两个务必”的要求，全党同志务必继续地保持谦虚、谨慎，不骄、不躁的作风，务必继续地保持艰苦奋斗的作风。,['七届二中全会']
中国革命的战略阵地是（    ）。【出题：武汉大学】,['农村革命根据地']
"红军长征途中召开的（    ），开始确立了毛泽东在党中央和红军的领导地位,挽救了党、挽救了红军、挽救了中国革命，成为党的历史上一个生死攸关的转折点。【出题：武汉大学】",['遵义会议']
中国无产阶级的特殊优点在于（    ）。【出题：武汉大学】,"['与农民有着天然的联系', '人数虽少，但比较集中', '深受帝国主义、封建主义和官僚资本主义三重压迫']"
开展敌后抗日游击战争，必须建立和发展根据地。（    ）是在敌后建立的第一个抗日民主根据地。,['晋察冀根据地']
最早将毛泽东思想确立为党的一切工作的指针的会议是：（    ）。【出题：武汉大学】,['党的七大']
“整个华北地区，从晋北山区到东海岸，从南面的黄河到北面的长城，都成了战场，打击了敌人在华北的整个经济、交通线和封锁网。”这段报道反映的是哪场战役？（    ）。【出题：武汉大学】,['百团大战']
党的四大的历史功绩在于（    ）。【出题：武汉大学】,"['提出了中国无产阶级在民主革命中的领导权问题', '提出了工农联盟问题', '对中国民主革命的内容作了更加完整的规定']"
中国共产党领导的革命统一战线，包含着两个联盟，它们是（   ）。【出题：武汉大学】,"['工人阶级、农民阶级和全体劳动者同一切可以联合的非劳动者的联盟', '工人阶级同农民阶级、广大知识分子及其他劳动者的联盟']"
五四爱国运动爆发的导火线是（    ）。【出题：武汉大学】,['巴黎和会中国外交失败']
全国抗战爆发后中国军队对日作战取得的第一个重大的胜利是（    ），打破了侵华日军所谓“不可战胜”的神话，极大地鼓舞了全国军民的抗战信心。,['平型关大捷']
20世纪50年代至60年代初，在对中国社会主义建设道路的初步探索中，提出“两参一改三结合”的是（    ）。,['毛泽东']
1931年1月，在中共六届四中全会上，他与林育南等联名发表《告同志书》，旗帜鲜明地与王明“左”倾错误进行了坚决的斗争。他就是（    ）。【出题：武汉大学】,['何孟雄']
李大钊在1919年8月发表文章《再论问题与主义》是为了反驳（    ）的文章。【出题：武汉大学】,['胡适']
1948年中国共产党制定了土地改革总路线。下列选项中对这一总路线所含内容理解正确的有（    ）。,"['实行“耕者有其田”，将土地的所有权分配给农民', '按照平分土地的原则，满足贫雇农的要求', '团结中农，允许中农保有比他人略多的土地']"
井冈山革命时期，红军游击战争的基本原则是（    ）。,"['敌退我追', '敌驻我扰', '敌进我退', '敌疲我打']"
“黄洋界上炮声隆，报道敌军宵遁”《西江月·井冈山》一诗中，凭借黄洋界天险抵抗反动势力围剿的军队是（    ）。【出题：武汉大学】,['红三十一团第一营']
（    ）曾与瞿秋白一起拟写《党纲草案》，后因叛徒出卖于1928年4月15日不幸在上海英租界被捕，在狱中写下绝命诗：“慷慨登车去，相期一节全；残躯何足惜，大敌正当前。”【出题：武汉大学】,['罗亦农   ']
鲁迅先生的《记念刘和珍君》一文写作的背景是他的学生刘和珍在（    ）中遇害。【出题：武汉大学】,['三一八惨案']
毛泽东第一次提出“马克思列宁主义理论和中国革命的实践相结合”这个根本思想原则，第一次将党的建设称为“伟大的工程”的文章是（    ）。【出题：武汉大学】,['《党人>发刊词》']
1945年4月至6月间召开的中国共产党第七次全国代表大会，确立了（    ）在全党的指导地位。,['毛泽东思想']
（    ）是中国历史上“开天辟地的大事变”。,['中国共产党的成立']
毛泽东在1925年12月发表的《中国社会各阶级的分析》中指出，（    ）代表中国城乡资本主义的生产关系。【出题：武汉大学】,['中产阶级']
1922年5月5日至10日，青年团第一次全国代表大会在（    ）召开，中国社会主义青年团宣告成立。【出题：武汉大学】,['广州']
1949年9月，中国人民政治协商会议第一届全体会议通过的《中国人民政治协商会议共同纲领》，规定了新中国的国体是（    ），政体是人民代表大会制度。,['人民民主专政']
与“北伐战争”“南昌起义”“皖南事变”都直接相关的人物是（    ）。【出题：武汉大学】,['叶挺  ']
1928年5月，中共湘赣边界特委书记是（    ）。【出题：武汉大学】,['毛泽东']
在抗日战争胜利后，国民党为了维持其一党独裁的局面，开始打压民主势力，下列民主人士中，遭到国民党暗杀而献出生命的是（    ）。【出题：武汉大学】,"['李公朴', '闻一多']"
中国共产党诞生的条件有（    ）。【出题：武汉大学】,"['各地共产党早期组织的建立为中国共产党的成立奠定了组织基础', '马克思列宁主义，为中国共产党成立奠定了思想基础', '工人阶级作为独立的政治力量登上了政治舞台', '共产国际的帮助']"
1936年9月1日，中共中央发出党内指示，明确提出党的总方针应是（    ）。【出题：武汉大学】,['逼蒋抗日']
（    ）被毛泽东称为“她是我党唯一的女创始人”。【出题：武汉大学】,['向警予']
中国共产党第一次主动地运用马列主义基本原理解决中国革命问题的会议是（    ）。,['遵义会议']
下列关于五四运动的表述中，不正确的是（    ）。【出题：武汉大学】,['拉开了民主主义革命的序幕']
毛泽东在中共七届二中全会上提出，务必使同志们保持（    ）。【出题：武汉大学】,"['谦虚、谨慎、不骄、不躁的作风', '艰苦奋斗的作风']"
1949年1月21日，蒋介石宣告“引退”，其“总统”职务由“副总统”（    ）代理。次日，后者表示愿以中国共产党所提八项条件为基础进行和平谈判。,['李宗仁']
1930年4月，（    ）指出，农民游击战和土地革命是当时中国革命的主要特征。【出题：武汉大学】,['周恩来']
1943年7月5日，（    ）在《中国共产党与中国民族解放的道路》一文中，首先使用“毛泽东思想”这个概念，指出“毛泽东思想就是中国的马克思列宁主义”。,['王稼祥']
国民党发动全面内战是从1946年进攻（    ）解放区开始的。【出题：武汉大学】,['中原']
1928年10月，毛泽东在《中国的红色政权为什么能够存在?》一文中科学地论证了中国的红色政权发生和存在的原因，包括以下（    ）。【出题：武汉大学】,"['中国是一个政治经济发展极不平衡的半殖民地半封建的大国 ，反革命营垒内部不统一并充满矛盾，因而使许多农村小块革命根据地能够在反革命政权的包围下产生、坚持和波浪式地向前扩大。', '相当力量的正式红军的存在，是红色政权存在的必要条件', '第一次大革命影响和锻炼的工农兵士，为建立革命军队和红色政权准备了良好的群众基础', '中国革命形势是跟着国内买办豪绅阶级和国际资产阶级的继续的分裂和战争，而继续地向前发展的']"
1937年中国共产党制定的抗日救国十大纲领强调要打倒日本帝国主义，关键在于发动（    ）。,['全面的全民族的抗战']
2005年6月21日，习近平在《光明日报》上刊发署名文章《弘扬“红船精神” 走在时代前列》，文中着重阐述了“红船精神”。“红船精神”反映的历史事件是（    ）。【出题：武汉大学】,['党的一大的召开']
在统一战线中同顽固派进行斗争时必须坚持的原则是（    ）。【出题：武汉大学】,"['有利', '有节', '有理']"
1946年6月全面内战爆发，其标志是国民党军队大举进攻（    ）。,['中原解放区']
（    ）从组织上确立了党对军队的绝对领导，为建立一支无产阶级领导下的新型人民军队奠定了基础。【出题：武汉大学】,['三湾改编']
中国共产党走上符合中国国情的革命道路始于（    ）。【出题：武汉大学】,['井冈山革命根据地的开辟']
抗日战争中，为了保守机密、保护群众，毅然咬断自己的舌头与食指，后被敌人投入烈火之中壮烈牺牲的朝鲜族战士是（    ）。【出题：武汉大学】,['金顺姬']
长征过程中，与彝族果基部落首领小叶丹歃血为盟的是（    ）。【出题：武汉大学】,['刘伯承']
以毛泽东为主要代表的中国共产党人探索中国自己的社会主义建设道路的标志是（    ）。,['《论十大关系》的报告 ']
无产阶级及其政党实现领导权的关键是（    ）。【出题：武汉大学】,['建立以工农联盟为基础的广泛的统一战线']
中共五大召开的地点是（    ）。【出题：武汉大学】,['武汉']
（    ）是女权运动的领导先驱，曾说：“为花季少女解开裹脚布，为广大妇女争取参政权，为底层娼妓寻求独立人格，谁说我辈不女权？”【出题：武汉大学】,['向警予             ']
“生的伟大，死的光荣”指的是（    ）。【出题：武汉大学】,['刘胡兰']
金冲及在《二十世纪中国史纲》中写道：“它是一百多年来中国人反对外来侵略者第一次取得完全胜利的民族解放战争，成为中华民族从衰败走向复兴的重要枢纽。”“它”是指（    ）。【出题：武汉大学】,['抗日战争']
中国共产党在抗日民族统一战线中对顽固派作斗争时采取（    ）的原则。,"['有利', '有理', '有节']"
1939年10月，毛泽东同志发表《发刊词》，强调党的建设是一项“（    ）”，提出“建立一个全国范围的、广大群众性的、思想上政治上组织上完全巩固的布尔什维克化的中国共产党”的任务。,['伟大工程']
17岁参与对日作战，于1940年11月23日不幸被捕，即使被挖掉一只眼、砍掉一只胳膊，也没有向敌人屈服，壮烈牺牲的回族英雄是（    ）。【出题：武汉大学】,['金方昌']
随着五四运动的发展，先后成立了全国性的群众组织是（    ）和全国各界联合会。,['全国学生联合会']
毛泽东指出，中国革命“主要地就是打击这两个敌人”。那么这两个敌人是（     ）。【出题：武汉大学】,"['封建主义', '帝国主义']"
1927年大革命失败以后，国民党的性质发生转变，它代表以下哪些阶级的利益（    ）。,"['买办性的大资产阶级', '地主阶级']"
毛泽东在《改造我们的学习》的报告中指出：“只有打倒了（    ），马克思列宁主义的真理才会抬头，党性才会巩固，革命才会胜利”。【出题：武汉大学】,['主观主义']
下列各项关于中国革命历程的表述不正确的是（    ）。【出题：武汉大学】,['上海——中国新民主主义革命开始地']
“军叫工农革命，旗号镰刀斧头……地主重重压迫，农民个个同仇。秋收时节暮云愁，霹雳一声暴动。”毛泽东的这首词赞颂的是（    ）。,['秋收起义']
古田会议决议的中心思想是（    ）。【出题：武汉大学】,['用无产阶级思想进行军队建设和党的建设']
2019年5月15日，国家主席习近平在亚洲文明对话大会开幕式上指出，亚洲是人类最早的定居地之一，也是人类文明的重要发祥地。亚洲地大物博、山河秀美，在世界三分之一的陆地上居住着全球（    ）的人口，47个国家、1000多个民族星罗棋布。【出题：武汉大学】,['三分之二']
毛泽东在《人>发刊词》一文中总结的中国革命的三大法宝是（    ）。【出题：武汉大学】,"['党的建设', '统一战线', '武装斗争']"
中国共产党成立前上海党组织的党内机关刊物是（    ）。,['《新青年》']
在抗日战争中，党在延安陆续创办了大批学校，积极发展干部教育。抗大作为其中之一，为党培养了大批干部，为抗日队伍的发展壮大起了重要作用。抗大的全称是（    ）。【出题：武汉大学】,['中国人民抗日军事政治大学']
大革命时期，国民党新老右派破坏国共合作的限共、反共活动有（    ）。【出题：武汉大学】,"['国民党二大', '中山舰事件', '《整理党务决议案》']"
发表了《法俄革命之比较观》、《庶民的胜利》等大量宣传十月革命和马克思列宁主义的著名文章和演说的是（    ）。【出题：武汉大学】,['李大钊']
中国历史上第一个全国性的工农民主政权是（    ）。【出题：武汉大学】,['中华苏维埃共和国']
（    ）打响了武装反抗国民党反动派的第一枪，向世人宣告了共产党人不畏强暴、坚持革命的坚强决心，标志着中国共产党独立地领导革命战争、创建人民军队的开始。,['南昌起义']
延安时期，毛泽东写下了著名的《实践论》《矛盾论》，主要是为了克服存在于党内严重的（    ）问题。【出题：武汉大学】,['教条主义']
中国传播马克思主义的第一人是（    ）。,['李大钊']
（    ）是党的一大代表中年龄最小的、也是唯一的少数民族同志，1931年在狱中留下遗作《诀别》：“卅一年华转瞬间，壮志未酬奈何天；不惜惟我身先死，后继频频慰九泉。”【出题：武汉大学】,['邓恩铭']
“苦难十四年，日本和汉奸，压迫老百姓，有苦不能言”，其中“十四年”开始的标志是（    ）。【出题：武汉大学】,['九一八事变']
1947年（    ）率领晋冀鲁豫野战军千里跃进大别山。【出题：武汉大学】,['刘伯承、邓小平    ']
1936年5月5日，毛泽东、朱德发出（    ），公开放弃反蒋口号。【出题：武汉大学】,['《停战议和一致抗日通电》']
20世纪50年代，毛泽东提出，中国工业化道路的问题主要是指（    ）。,['重工业、轻工业和农业的发展关系问题']
1946年5月4日，中共中央发布了《关于土地问题的指示》，其基本内容是（    ）。,"['一般不变动富农土地，对富农和地主有所区别', '用一切方法吸引中农参加运动，决不可侵犯中农土地\r\n\r\n', '要坚决地支持和引导广大农民群众，采取各种适当方法，使地主阶级剥削农民而占有的土地转移到农民手中', '不可将农村中反对封建地主阶级的办法，运用于城市中反对工商业资产阶级的斗争']"
在抗日战争中，共产党领导建立的第一个敌后统一战线性质的抗日民主政权是（    ）。【出题：武汉大学】,['晋察冀边区临时行政委员会']
长征途中，毛泽东指挥红军声东击西，打乱了敌人追剿计划的行动是（    ）。【出题：武汉大学】,['四渡赤水河']
毛泽东提出探索马克思主义同中国实际即社会主义建设实际的“第二次结合”，说明中国共产党（    ）。,"['开始摆脱单一的苏联模式', '开始探索适合中国特点的社会主义建设道路']"
毛泽东曾称赞他是“以身殉志，不亦伟乎”的人民英雄，叶剑英曾把他喻为古代民族英雄文天祥之后的又一位民族英雄。他被捕后誓不投降，在狱中写下了他的著名遗著《可爱的中国》，他最后用生命实践了自己“努力到死，奋斗到死”的誓言。他就是中国著名无产阶级革命家、军事家（    ）。【出题：武汉大学】,['方志敏']
总结过去工人运动中的经验教训，阐述了国民党统治区职工运动应采取的正确方针和原则的文章《关于白区职工运动的提纲》是由（    ）撰写的。【出题：武汉大学】,['刘少奇']
《古田会议决议》由八个决议案组成，其中最重要的是关于（    ）的决议案。【出题：武汉大学】,['纠正党内的错误思想']
《新民主主义论》所阐述的区别旧民主主义革命和新民主主义革命的根本标志是（    ）的问题。,['无产阶级领导权']
被称为中国共产党历史上的两个伟大转折点的是（    ）。【出题：武汉大学】,"['十一届三中全会', '遵义会议']"
在解放战争时期，中国共产党领导的第一次大规模的学生爱国民主运动是（    ）。【出题：武汉大学】,['一二·一运动']
古田会议的中心思想是（    ）。【出题：武汉大学】,['用无产阶级思想进行军队和党的建设']
在军队中建立党组织与士兵委员会，实行民主制度，被称为建设无产阶级领导的新型人民军队的重要开端的是（    ）。【出题：武汉大学】,['三湾改编']
九一八事变爆发后，民族危机急剧加深，但国民党政府的基本方针仍是求和。经英、美等国协调，国民党政府同日本侵略者于1932年5月签订了丧权辱国的（    ）。【出题：武汉大学】,['《淞沪停战协定》   ']
领导中国最早的无产阶级妇女运动，撰写大量文件，主编过《妇女周报》的是（    ）。【出题：武汉大学】,['向警予             ']
党的七大提出党的政治路线是：“放手发动群众，壮大人民力量，在我党的领导下，打败日本侵略者，解放全国人民，建立一个（    ）的中国。”,['新民主主义']
著名抗日民族英雄、东北抗日联军的主要创建者和领导人之一是（    ）。【出题：武汉大学】,['杨靖宇']
第一次国共合作正式形成的标志是（    ）。,['国民党一大']
1946年中共中央发出《关于清算、减租及土地问题的指示》，决定将党在抗日战争时期实行的减租减息政策改变为（    ）。,['实现“耕者有其田”的政策']
“井冈山，两件宝，历史红，山林好”说井冈山“历史红”的主要依据是（    ）。【出题：武汉大学】,['点燃了工农武装割据的星星之火']
中国共产党始终坚持着争取和平民主的方针，党的（    ）上，毛泽东就提出，对蒋介石拟采取“洗脸”政策而不是“杀头”政策。,['七大']
"1922年7月,党的二大在上海召开,第一次提出明确的反帝反封建的民主革命纲领。其内容是（    ）。【出题：武汉大学】","['实现共产主义', '推翻国际帝国主义的压迫', '统一中国为真正的民主共和国', '打倒军阀']"
指出“农民问题乃国民革命的中心问题”的《国民革命与农民运动》一文的作者是（    ）。【出题：武汉大学】,['毛泽东']
抗日战争爆发后，国民党政府正式对日宣战是在（    ）。【出题：武汉大学】,['1941年的太平洋战争爆发后']
抗日战争后，国民党发动的全面内战爆发的起点是（    ）。【出题：武汉大学】,['国民党军队进攻中原解放区']
在新中国即将成立的时候，为了阐明人民共和国的性质、这个国家中各个阶级的地位和相互关系、这个国家的前途等根本问题，1949年6月30日，毛泽东发表（    ）一文。在这篇文章中，毛泽东总结中国近百年革命的历史经验，阐明资产阶级的民主主义让位给工人阶级领导的人民民主主义、资产阶级共和国让位给人民共和国的历史必然性，提出人民民主专政这一科学概念。,['《论人民民主专政》']
1946年，中共中央决定将抗日战争时期的减租减息政策改变为实现“耕者有其田”政策的重要文件是：（    ）。【出题：武汉大学】,['《关于清算、减租及土地问题的指示》']
领导上海工人第三次起义的总指挥是（    ）。【出题：武汉大学】,['周恩来']
1940年，毛泽东阐述新民主主义政治、经济和文化的文章是（    ）。【出题：武汉大学】,['《新民主主义论》  ']
1923年2月，中国共产党领导的工人罢工斗争是（    ）。【出题：武汉大学】,['京汉铁路罢工']
在枣宜会战中为国捐躯，周恩来曾评价他“其忠义之志，壮烈之气，直可以为中国抗战军人之魂”，这位抗日将领是（    ）。【出题：武汉大学】,['张自忠']
第一次提出新民主主义革命的科学概念和总路线基本内容的文章是（    ）。【出题：武汉大学】,['《中国革命和中国共产党》']
下列事件与周恩来没有直接关系的是（    ）。【出题：武汉大学】,['辛亥革命']
1949年3月5日至13日，中国共产党为了确定组建新中国的有关事项，召开了党的历史上具有重大意义的七届二中全会，这次全会会议地址为：（    ）。【出题：武汉大学】,['西柏坡']
在解放隆化县时，为了炸弹敌人的暗堡，用自己的身体托起炸药包，英勇牺牲，年仅19岁的是（   ）。【出题：武汉大学】,['董存瑞']
全党普遍整风运动的内容是反对（    ），以树立马克思主义的作风。,"['党八股', '宗派主义', '主观主义']"
中国共产党领导的第一个新型农民组织诞生于（    ）。【出题：武汉大学】,['浙江萧山']
标志着第一次国共合作正式形成的事件是（    ）。,['国民党一大的召开']
1949年3月，中国共产党在（    ）召开七届二中全会。毛泽东在会上向全党同志提出了著名的“两个务必”。【出题：武汉大学】,['西柏坡']
1934年4月，由中国共产党提出，宋庆龄、何香凝、李杜等1779人签名，发表（    ），号召中国人民自己起来武装驱逐日本帝国主义。,['《中国人民对日作战的基本纲领》']
1948年1月，在香港正式成立的中国民主党派是（    ）。,['中国国民党革命委员会']
中共六大是在（    ）召开的。【出题：武汉大学】,['莫斯科']
1939年7月7日，在华北联合大学举行的开学典礼上，毛泽东首次将（    ）称之为中国革命中战胜敌人的三个法宝。,"['武装斗争', '党的建设', '统一战线']"
1928年7月，湘鄂边的红四军在湖北公安与红六军会师，组成（    ）。【出题：武汉大学】,['红军第二军团']
随着敌后抗日游击战的发展，中国抗日战争逐渐形成战略上互相配合的两个战场，一个是主要由国民党军队担负的（    ），一个是共产党军队为主的（    ）。【出题：武汉大学】,"['正面战场', '敌后战场']"
1946年1月10日，在重庆召开了政治协商会议，其主要作用有（    ）。,"['有利于实行民主政治', '有利于冲破蒋介石独裁统治', '有利于激发中国广大人民实现民主、团结、统一的愿望', '有利于和平建国']"
1948年12月30日，毛泽东为新华社写了题为（    ）的新年献词，明确指出，必须“用革命的方法，坚决彻底干净全部地消灭一切反动势力”，“在全国范围内推翻国民党的反动统治，在全国范围内建立无产阶级领导的以工农联盟为主体的人民民主专政的共和国”。,['《将革命进行到底》']
在三年多的土地革命实践中，党基本上形成了一套比较切实可行的土地革命的路线、政策和方法，包括以下（    ）。【出题：武汉大学】,"['依靠贫农', '以乡为单位，按人口平均分配土地']"
1931年夏，（    ）率红三军取得白云山战斗胜利，毛泽东赋词称赞其为“飞将军”。【出题：武汉大学】,['黄公略']
